State,County,City,Neighborhood,Link
CA,Santa Clara,San Jose,Albanese Circle,https://nextdoor.com/neighborhood/albanesecircle--san-jose--ca/
CA,Santa Clara,San Jose,Almaden,https://nextdoor.com/neighborhood/almadenca--san-jose--ca/
CA,Santa Clara,San Jose,Alvin/Burdette,https://nextdoor.com/neighborhood/7alvinburdette--san-jose--ca/
CA,Santa Clara,San Jose,Alviso,https://nextdoor.com/neighborhood/4alviso--san-jose--ca/
CA,Santa Clara,San Jose,Anne Darling - Little Portugal North,https://nextdoor.com/neighborhood/3littleportugalnorth--san-jose--ca/
CA,Santa Clara,San Jose,Arbuckle,https://nextdoor.com/neighborhood/5arbuckle--san-jose--ca/
CA,Santa Clara,San Jose,Archer - North 4th,https://nextdoor.com/neighborhood/archer4th--san-jose--ca/
CA,Santa Clara,San Jose,Ascent,https://nextdoor.com/neighborhood/ascentca--san-jose--ca/
CA,Santa Clara,San Jose,Autumnvale,https://nextdoor.com/neighborhood/4autumnvale--san-jose--ca/
CA,Santa Clara,San Jose,Avana Skyway,https://nextdoor.com/neighborhood/avanaskyway--san-jose--ca/
CA,Santa Clara,San Jose,Avenida Espana,https://nextdoor.com/neighborhood/2avenidaespana--san-jose--ca/
CA,Santa Clara,San Jose,AvenueOne,https://nextdoor.com/neighborhood/avenueone--san-jose--ca/
CA,Santa Clara,San Jose,Baker West,https://nextdoor.com/neighborhood/1bakerwest--san-jose--ca/
CA,Santa Clara,San Jose,Baltic Way,https://nextdoor.com/neighborhood/balticway--san-jose--ca/
CA,Santa Clara,San Jose,Bascom Ave,https://nextdoor.com/neighborhood/bascomave--san-jose--ca/
CA,Santa Clara,San Jose,Basking Ridge,https://nextdoor.com/neighborhood/2baskingridge--san-jose--ca/
CA,Santa Clara,San Jose,Baton Rouge,https://nextdoor.com/neighborhood/batonrougeca--san-jose--ca/
CA,Santa Clara,San Jose,Bel Aire-Hillstone,https://nextdoor.com/neighborhood/8belaire-hillstone--san-jose--ca/
CA,Santa Clara,San Jose,Bella Villagio,https://nextdoor.com/neighborhood/bellavillagio--san-jose--ca/
CA,Santa Clara,San Jose,Berryessa,https://nextdoor.com/neighborhood/berryessaca--san-jose--ca/
CA,Santa Clara,San Jose,Berry Park,https://nextdoor.com/neighborhood/10berrypark2--san-jose--ca/
CA,Santa Clara,San Jose,Betty Ann,https://nextdoor.com/neighborhood/bettyann--san-jose--ca/
CA,Santa Clara,San Jose,Bevin  Brook,https://nextdoor.com/neighborhood/7bevinbrook--san-jose--ca/
CA,Santa Clara,San Jose,Blackford NAC,https://nextdoor.com/neighborhood/blackfordnacsanjose--san-jose--ca/
CA,Santa Clara,San Jose,Blossom Hill,https://nextdoor.com/neighborhood/blossomhillca--san-jose--ca/
CA,Santa Clara,San Jose,Blossom  River,https://nextdoor.com/neighborhood/9blossomriver--san-jose--ca/
CA,Santa Clara,San Jose,Blossom Trails,https://nextdoor.com/neighborhood/blossomtrails--san-jose--ca/
CA,Santa Clara,San Jose,Blossom Valley,https://nextdoor.com/neighborhood/2blossomvalleyna--san-jose--ca/
CA,Santa Clara,San Jose,Blossom Village,https://nextdoor.com/neighborhood/10blossomvillage--san-jose--ca/
CA,Santa Clara,San Jose,Bonnett,https://nextdoor.com/neighborhood/9bonnett--san-jose--ca/
CA,Santa Clara,San Jose,Boulder,https://nextdoor.com/neighborhood/4boulder--san-jose--ca/
CA,Santa Clara,San Jose,Branham/Jarvis,https://nextdoor.com/neighborhood/9branhamjarvis--san-jose--ca/
CA,Santa Clara,San Jose,Branham-Kirk,https://nextdoor.com/neighborhood/9branhamkirk--san-jose--ca/
CA,Santa Clara,San Jose,Branham-Meridian,https://nextdoor.com/neighborhood/9branhammeridian--san-jose--ca/
CA,Santa Clara,San Jose,Brigadoon,https://nextdoor.com/neighborhood/8brigadoonsanjose--san-jose--ca/
CA,Santa Clara,San Jose,Brookfield,https://nextdoor.com/neighborhood/brookfieldsj--san-jose--ca/
CA,Santa Clara,San Jose,Brooktree,https://nextdoor.com/neighborhood/4brooktree--san-jose--ca/
CA,Santa Clara,San Jose,Brookvale/Chantel,https://nextdoor.com/neighborhood/brookvalechantel--san-jose--ca/
CA,Santa Clara,San Jose,Buena  Park,https://nextdoor.com/neighborhood/8buenapark--san-jose--ca/
CA,Santa Clara,San Jose,Buena Vista,https://nextdoor.com/neighborhood/buenavistasanjose--san-jose--ca/
CA,Santa Clara,San Jose,Burbank,https://nextdoor.com/neighborhood/6burbansanjose--san-jose--ca/
CA,Santa Clara,San Jose,Cadwallader,https://nextdoor.com/neighborhood/8cadwallader--san-jose--ca/
CA,Santa Clara,San Jose,Cahalan,https://nextdoor.com/neighborhood/10cahalan--san-jose--ca/
CA,Santa Clara,San Jose,Calero,https://nextdoor.com/neighborhood/2calero--san-jose--ca/
CA,Santa Clara,San Jose,California Gateway,https://nextdoor.com/neighborhood/4californiagateway--san-jose--ca/
CA,Santa Clara,San Jose,California Grove,https://nextdoor.com/neighborhood/2californiagrove--san-jose--ca/
CA,Santa Clara,San Jose,California Impressions,https://nextdoor.com/neighborhood/4californiaimpressions--san-jose--ca/
CA,Santa Clara,San Jose,California Oak Creek,https://nextdoor.com/neighborhood/8californiaoakcreek--san-jose--ca/
CA,Santa Clara,San Jose,California Renaissance,https://nextdoor.com/neighborhood/4renaissancesj--san-jose--ca/
CA,Santa Clara,San Jose,Calvert,https://nextdoor.com/neighborhood/calvert--san-jose--ca/
CA,Santa Clara,San Jose,Cambrian,https://nextdoor.com/neighborhood/9cambrian--san-jose--ca/
CA,Santa Clara,San Jose,Camden Village,https://nextdoor.com/neighborhood/10camdenvillage--san-jose--ca/
CA,Santa Clara,San Jose,Campagna Ca,https://nextdoor.com/neighborhood/campagnaca--san-jose--ca/
CA,Santa Clara,San Jose,Campbell Village,https://nextdoor.com/neighborhood/9campbellvillagesanjose--san-jose--ca/
CA,Santa Clara,San Jose,Campton Chase,https://nextdoor.com/neighborhood/10camptonchase--san-jose--ca/
CA,Santa Clara,San Jose,Canoas East,https://nextdoor.com/neighborhood/10canoaseast--san-jose--ca/
CA,Santa Clara,San Jose,Canoas Garden,https://nextdoor.com/neighborhood/6canoasgarden--san-jose--ca/
CA,Santa Clara,San Jose,Capewood,https://nextdoor.com/neighborhood/4capewood--san-jose--ca/
CA,Santa Clara,San Jose,Capitol Goss/Dobern,https://nextdoor.com/neighborhood/5capitolgossdobern--san-jose--ca/
CA,Santa Clara,San Jose,Capitol Village - Baroni,https://nextdoor.com/neighborhood/capitolvillagebaroni--san-jose--ca/
CA,Santa Clara,San Jose,Carlton Ave,https://nextdoor.com/neighborhood/9carlton--san-jose--ca/
CA,Santa Clara,San Jose,Carson,https://nextdoor.com/neighborhood/10carsonsj--san-jose--ca/
CA,Santa Clara,San Jose,Casa Del Lago Mobile Park,https://nextdoor.com/neighborhood/casadellagomobilepark--san-jose--ca/
CA,Santa Clara,San Jose,Cassell,https://nextdoor.com/neighborhood/5cassell--san-jose--ca/
CA,Santa Clara,San Jose,Castle Drive/Speciale,https://nextdoor.com/neighborhood/9castledrspeciale--san-jose--ca/
CA,Santa Clara,San Jose,Cataldi,https://nextdoor.com/neighborhood/4cataldi--san-jose--ca/
CA,Santa Clara,San Jose,Centerwood,https://nextdoor.com/neighborhood/8centerwood--san-jose--ca/
CA,Santa Clara,San Jose,Central San Jose - Coleman,https://nextdoor.com/neighborhood/downtownsanjose--san-jose--ca/
CA,Santa Clara,San Jose,Chantilley,https://nextdoor.com/neighborhood/2chantilley--san-jose--ca/
CA,Santa Clara,San Jose,Charter,https://nextdoor.com/neighborhood/charterca--san-jose--ca/
CA,Santa Clara,San Jose,Checkers,https://nextdoor.com/neighborhood/3checkers--san-jose--ca/
CA,Santa Clara,San Jose,Cherrywood,https://nextdoor.com/neighborhood/4cherrywoodca--san-jose--ca/
CA,Santa Clara,San Jose,Cinnabar,https://nextdoor.com/neighborhood/10cinnabar--san-jose--ca/
CA,Santa Clara,San Jose,Clayton Road,https://nextdoor.com/neighborhood/5claytonroad--san-jose--ca/
CA,Santa Clara,San Jose,Clearsprign,https://nextdoor.com/neighborhood/clearsprign--san-jose--ca/
CA,Santa Clara,San Jose,College Park,https://nextdoor.com/neighborhood/6collegepark--san-jose--ca/
CA,Santa Clara,San Jose,Colony  Green,https://nextdoor.com/neighborhood/10colonygreen--san-jose--ca/
CA,Santa Clara,San Jose,Comanche,https://nextdoor.com/neighborhood/10comanche--san-jose--ca/
CA,Santa Clara,San Jose,Commodore,https://nextdoor.com/neighborhood/4commodore--san-jose--ca/
CA,Santa Clara,San Jose,Communications Hill (North),https://nextdoor.com/neighborhood/7communicationshill--san-jose--ca/
CA,Santa Clara,San Jose,Communications Hill (South),https://nextdoor.com/neighborhood/7communicationhill--san-jose--ca/
CA,Santa Clara,San Jose,Corde Terra Circle,https://nextdoor.com/neighborhood/cordeterracircle--san-jose--ca/
CA,Santa Clara,San Jose,Cory,https://nextdoor.com/neighborhood/6cory--san-jose--ca/
CA,Santa Clara,San Jose,Cottle-Lean,https://nextdoor.com/neighborhood/cottlelean--san-jose--ca/
CA,Santa Clara,San Jose,Countrybrook/Lagoon,https://nextdoor.com/neighborhood/4countrybrooklagoon--san-jose--ca/
CA,Santa Clara,San Jose,Country Club,https://nextdoor.com/neighborhood/10countryclubsanjose--san-jose--ca/
CA,Santa Clara,San Jose,Country Lane,https://nextdoor.com/neighborhood/1countrylane--san-jose--ca/
CA,Santa Clara,San Jose,Courtyards/Villas at Lundy,https://nextdoor.com/neighborhood/4courtyardsvillas--san-jose--ca/
CA,Santa Clara,San Jose,Coyote Creek,https://nextdoor.com/neighborhood/2coyotecreek--san-jose--ca/
CA,Santa Clara,San Jose,Creekland,https://nextdoor.com/neighborhood/4creekland--san-jose--ca/
CA,Santa Clara,San Jose,Creekside,https://nextdoor.com/neighborhood/8creeksidesanjose1--san-jose--ca/
CA,Santa Clara,San Jose,Crescent Village,https://nextdoor.com/neighborhood/crescentvillage1--san-jose--ca/
CA,Santa Clara,San Jose,Crossgate,https://nextdoor.com/neighborhood/10crossgate--san-jose--ca/
CA,Santa Clara,San Jose,Croydon,https://nextdoor.com/neighborhood/10croydonsanjose--san-jose--ca/
CA,Santa Clara,San Jose,Cureton,https://nextdoor.com/neighborhood/5cureton--san-jose--ca/
CA,Santa Clara,San Jose,Dartmouth,https://nextdoor.com/neighborhood/9dartmouth--san-jose--ca/
CA,Santa Clara,San Jose,Delmas Park,https://nextdoor.com/neighborhood/3delmaspark--san-jose--ca/
CA,Santa Clara,San Jose,Del Robles,https://nextdoor.com/neighborhood/10delrobles--san-jose--ca/
CA,Santa Clara,San Jose,Dentwood,https://nextdoor.com/neighborhood/9dentwood--san-jose--ca/
CA,Santa Clara,San Jose,De Voss,https://nextdoor.com/neighborhood/9devoss--san-jose--ca/
CA,Santa Clara,San Jose,Dilworth,https://nextdoor.com/neighborhood/1dilworth--san-jose--ca/
CA,Santa Clara,San Jose,Doerr,https://nextdoor.com/neighborhood/9doerr--san-jose--ca/
CA,Santa Clara,San Jose,Dorsa,https://nextdoor.com/neighborhood/5dorsa--san-jose--ca/
CA,Santa Clara,San Jose,Downing - Whitethorne,https://nextdoor.com/neighborhood/6downingwhitethorne--san-jose--ca/
CA,Santa Clara,San Jose,Downtown,https://nextdoor.com/neighborhood/downtownsanjoseca--san-jose--ca/
CA,Santa Clara,San Jose,Dry Creek,https://nextdoor.com/neighborhood/9drycreekca--san-jose--ca/
CA,Santa Clara,San Jose,East Ct West Ct,https://nextdoor.com/neighborhood/3eastctwestct--san-jose--ca/
CA,Santa Clara,San Jose,Easterbrook,https://nextdoor.com/neighborhood/1easterbrook--san-jose--ca/
CA,Santa Clara,San Jose,East Foothills,https://nextdoor.com/neighborhood/5eastfoothillsca--san-jose--ca/
CA,Santa Clara,San Jose,EDD America\xe2\x80\x99s Job Center,https://nextdoor.com/neighborhood/eddamericasjobcenter--san-jose--ca/
CA,Santa Clara,San Jose,Eden,https://nextdoor.com/neighborhood/1eden--san-jose--ca/
CA,Santa Clara,San Jose,Edge,https://nextdoor.com/neighborhood/8edge--san-jose--ca/
CA,Santa Clara,San Jose,Ellis-Louise,https://nextdoor.com/neighborhood/6ellis-louise--san-jose--ca/
CA,Santa Clara,San Jose,Ellmar Oaks,https://nextdoor.com/neighborhood/ellmaroaks--san-jose--ca/
CA,Santa Clara,San Jose,Erikson,https://nextdoor.com/neighborhood/erikson--san-jose--ca/
CA,Santa Clara,San Jose,Estates,https://nextdoor.com/neighborhood/8estates--san-jose--ca/
CA,Santa Clara,San Jose,Evans,https://nextdoor.com/neighborhood/6evans--san-jose--ca/
CA,Santa Clara,San Jose,Everdale/Neimen,https://nextdoor.com/neighborhood/8everdaleneimen--san-jose--ca/
CA,Santa Clara,San Jose,Evergreen,https://nextdoor.com/neighborhood/8evergreenfriends--san-jose--ca/
CA,Santa Clara,San Jose,Evinpark,https://nextdoor.com/neighborhood/evinpark--san-jose--ca/
CA,Santa Clara,San Jose,Fairglen Eichlers,https://nextdoor.com/neighborhood/9fairgleneichlers--san-jose--ca/
CA,Santa Clara,San Jose,Farm Drive,https://nextdoor.com/neighborhood/6farmdrive--san-jose--ca/
CA,Santa Clara,San Jose,Ferrari/Pinoche,https://nextdoor.com/neighborhood/7ferraripinoche--san-jose--ca/
CA,Santa Clara,San Jose,Flickinger North,https://nextdoor.com/neighborhood/4flickingernorth--san-jose--ca/
CA,Santa Clara,San Jose,Forest - Pruneridge,https://nextdoor.com/neighborhood/forestpruneridgeca--san-jose--ca/
CA,Santa Clara,San Jose,Fowler Creek,https://nextdoor.com/neighborhood/8fowler--san-jose--ca/
CA,Santa Clara,San Jose,Frontier Village,https://nextdoor.com/neighborhood/frontiervillage--san-jose--ca/
CA,Santa Clara,San Jose,Garden/Villa  Monterey,https://nextdoor.com/neighborhood/7gardenvillamonterey--san-jose--ca/
CA,Santa Clara,San Jose,Gateway East,https://nextdoor.com/neighborhood/5gatewayeast--san-jose--ca/
CA,Santa Clara,San Jose,Gilchrist,https://nextdoor.com/neighborhood/gilchristsj--san-jose--ca/
CA,Santa Clara,San Jose,Glenview Serenity,https://nextdoor.com/neighborhood/10glenviewserenity--san-jose--ca/
CA,Santa Clara,San Jose,Good Sam,https://nextdoor.com/neighborhood/goodsam--san-jose--ca/
CA,Santa Clara,San Jose,Goodyear/Alma,https://nextdoor.com/neighborhood/3goodyearalma--san-jose--ca/
CA,Santa Clara,San Jose,Gordy,https://nextdoor.com/neighborhood/4gordy--san-jose--ca/
CA,Santa Clara,San Jose,Graystone,https://nextdoor.com/neighborhood/10graystone--san-jose--ca/
CA,Santa Clara,San Jose,Greater Rose Garden,https://nextdoor.com/neighborhood/6rosegarden--san-jose--ca/
CA,Santa Clara,San Jose,Great Oaks,https://nextdoor.com/neighborhood/2greatoaks--san-jose--ca/
CA,Santa Clara,San Jose,Greylands,https://nextdoor.com/neighborhood/6greylands--san-jose--ca/
CA,Santa Clara,San Jose,Groesbeck Hill Park,https://nextdoor.com/neighborhood/8grosbeckhillpark--san-jose--ca/
CA,Santa Clara,San Jose,Guadalupe River Trail,https://nextdoor.com/neighborhood/guadaluperivertrail--san-jose--ca/
CA,Santa Clara,San Jose,Hammer,https://nextdoor.com/neighborhood/9hammer--san-jose--ca/
CA,Santa Clara,San Jose,Hampton Park,https://nextdoor.com/neighborhood/hamptonpark2--san-jose--ca/
CA,Santa Clara,San Jose,Hathaway,https://nextdoor.com/neighborhood/1hathaway--san-jose--ca/
CA,Santa Clara,San Jose,Hayes,https://nextdoor.com/neighborhood/2hayes--san-jose--ca/
CA,Santa Clara,San Jose,Hellyer-Christopher,https://nextdoor.com/neighborhood/hellyerchristopher--san-jose--ca/
CA,Santa Clara,San Jose,Helzer Court,https://nextdoor.com/neighborhood/helzercourtca--san-jose--ca/
CA,Santa Clara,San Jose,Hensley,https://nextdoor.com/neighborhood/3hensley--san-jose--ca/
CA,Santa Clara,San Jose,Heritage,https://nextdoor.com/neighborhood/8heritagesanjose--san-jose--ca/
CA,Santa Clara,San Jose,Hermitage,https://nextdoor.com/neighborhood/4hermitage--san-jose--ca/
CA,Santa Clara,San Jose,Hidden Glen,https://nextdoor.com/neighborhood/8hiddenglen--san-jose--ca/
CA,Santa Clara,San Jose,Hillsdale,https://nextdoor.com/neighborhood/7hillsdale--san-jose--ca/
CA,Santa Clara,San Jose,Hilltop Manor,https://nextdoor.com/neighborhood/hilltopmanorsj--san-jose--ca/
CA,Santa Clara,San Jose,Hillview,https://nextdoor.com/neighborhood/10hillviewsanjose--san-jose--ca/
CA,Santa Clara,San Jose,Hoffman Via Monte,https://nextdoor.com/neighborhood/10hoffmanviamonte--san-jose--ca/
CA,Santa Clara,San Jose,Holland,https://nextdoor.com/neighborhood/10holland--san-jose--ca/
CA,Santa Clara,San Jose,Holly Oaks,https://nextdoor.com/neighborhood/8hollyoakssanjose--san-jose--ca/
CA,Santa Clara,San Jose,Horace Mann,https://nextdoor.com/neighborhood/3horacemann--san-jose--ca/
CA,Santa Clara,San Jose,Houge Park,https://nextdoor.com/neighborhood/9hougepark--san-jose--ca/
CA,Santa Clara,San Jose,Hyde Park,https://nextdoor.com/neighborhood/3hydeparksanjose--san-jose--ca/
CA,Santa Clara,San Jose,James Lick,https://nextdoor.com/neighborhood/5jameslick--san-jose--ca/
CA,Santa Clara,San Jose,Japantown,https://nextdoor.com/neighborhood/3japantownsanjose--san-jose--ca/
CA,Santa Clara,San Jose,Jeffrey Fontana Park,https://nextdoor.com/neighborhood/10jeffreyfontanaparkarea--san-jose--ca/
CA,Santa Clara,San Jose,Joseph George,https://nextdoor.com/neighborhood/5josephgeorge--san-jose--ca/
CA,Santa Clara,San Jose,Julian - St. James,https://nextdoor.com/neighborhood/julianstjames--san-jose--ca/
CA,Santa Clara,San Jose,Kamal Spice,https://nextdoor.com/neighborhood/kamalspice--san-jose--ca/
CA,Santa Clara,San Jose,Kennedy,https://nextdoor.com/neighborhood/7kennedy--san-jose--ca/
CA,Santa Clara,San Jose,Kenwood,https://nextdoor.com/neighborhood/7kenwood--san-jose--ca/
CA,Santa Clara,San Jose,Kettman/Pomeroy,https://nextdoor.com/neighborhood/8kettmanpomeroy--san-jose--ca/
CA,Santa Clara,San Jose,King Rd,https://nextdoor.com/neighborhood/kingrd--san-jose--ca/
CA,Santa Clara,San Jose,Knights Bridge,https://nextdoor.com/neighborhood/4knightsbridge--san-jose--ca/
CA,Santa Clara,San Jose,Kooser,https://nextdoor.com/neighborhood/9kooser--san-jose--ca/
CA,Santa Clara,San Jose,Lakeside Commons,https://nextdoor.com/neighborhood/lakesidecommons--san-jose--ca/
CA,Santa Clara,San Jose,Lakeview Terrace,https://nextdoor.com/neighborhood/lakeviewterrace--san-jose--ca/
CA,Santa Clara,San Jose,Lamplighter,https://nextdoor.com/neighborhood/lamplighterca--san-jose--ca/
CA,Santa Clara,San Jose,Las Palmas,https://nextdoor.com/neighborhood/laspalmassanjose--san-jose--ca/
CA,Santa Clara,San Jose,Lattitude 37,https://nextdoor.com/neighborhood/lattitude37--san-jose--ca/
CA,Santa Clara,San Jose,Lavender Terrace,https://nextdoor.com/neighborhood/lavenderterrace--san-jose--ca/
CA,Santa Clara,San Jose,LBRNA,https://nextdoor.com/neighborhood/9lbrna--san-jose--ca/
CA,Santa Clara,San Jose,Leyva,https://nextdoor.com/neighborhood/8leyva--san-jose--ca/
CA,Santa Clara,San Jose,Lion Villas,https://nextdoor.com/neighborhood/lionvillas--san-jose--ca/
CA,Santa Clara,San Jose,Lochridge/Independence,https://nextdoor.com/neighborhood/lochridgeindependence--san-jose--ca/
CA,Santa Clara,San Jose,Locke,https://nextdoor.com/neighborhood/7locke--san-jose--ca/
CA,Santa Clara,San Jose,Lone  Bluff,https://nextdoor.com/neighborhood/7lonebluff--san-jose--ca/
CA,Santa Clara,San Jose,Lone Hill Highlands,https://nextdoor.com/neighborhood/9lonehillhighlands--san-jose--ca/
CA,Santa Clara,San Jose,Los Alamitos,https://nextdoor.com/neighborhood/10losalamitos--san-jose--ca/
CA,Santa Clara,San Jose,Los  Arboles,https://nextdoor.com/neighborhood/7losarboles--san-jose--ca/
CA,Santa Clara,San Jose,Los Paseos,https://nextdoor.com/neighborhood/2lospaseos--san-jose--ca/
CA,Santa Clara,San Jose,Lyndale,https://nextdoor.com/neighborhood/5lyndale--san-jose--ca/
CA,Santa Clara,San Jose,Lynhaven,https://nextdoor.com/neighborhood/1lynhavenca--san-jose--ca/
CA,Santa Clara,San Jose,Makati,https://nextdoor.com/neighborhood/2makati--san-jose--ca/
CA,Santa Clara,San Jose,Markingdon,https://nextdoor.com/neighborhood/5markingdon--san-jose--ca/
CA,Santa Clara,San Jose,Maxine Ave,https://nextdoor.com/neighborhood/6maxineave--san-jose--ca/
CA,Santa Clara,San Jose,Mayfair,https://nextdoor.com/neighborhood/5mayfair--san-jose--ca/
CA,Santa Clara,San Jose,McCollam,https://nextdoor.com/neighborhood/5mccollam--san-jose--ca/
CA,Santa Clara,San Jose,McKay-Ringwood,https://nextdoor.com/neighborhood/4mckayringwood--san-jose--ca/
CA,Santa Clara,San Jose,McKee/Jackson,https://nextdoor.com/neighborhood/5mckeejackson--san-jose--ca/
CA,Santa Clara,San Jose,McKinley - Bonita,https://nextdoor.com/neighborhood/3mckinleybonita--san-jose--ca/
CA,Santa Clara,San Jose,Mc Kuen,https://nextdoor.com/neighborhood/10mckuen--san-jose--ca/
CA,Santa Clara,San Jose,McKuen West,https://nextdoor.com/neighborhood/mckuenwest--san-jose--ca/
CA,Santa Clara,San Jose,Meadow Fair,https://nextdoor.com/neighborhood/8meadowfair--san-jose--ca/
CA,Santa Clara,San Jose,Meadowlands,https://nextdoor.com/neighborhood/8meadowlandsca--san-jose--ca/
CA,Santa Clara,San Jose,Meadows,https://nextdoor.com/neighborhood/7meadowssanjose--san-jose--ca/
CA,Santa Clara,San Jose,Merrivale West,https://nextdoor.com/neighborhood/1merrivalewest--san-jose--ca/
CA,Santa Clara,San Jose,Messina Gardens,https://nextdoor.com/neighborhood/messinagardens--san-jose--ca/
CA,Santa Clara,San Jose,Metcalf,https://nextdoor.com/neighborhood/2metcalf--san-jose--ca/
CA,Santa Clara,San Jose,Midtown,https://nextdoor.com/neighborhood/midtownsanjose--san-jose--ca/
CA,Santa Clara,San Jose,Miller,https://nextdoor.com/neighborhood/1miller--san-jose--ca/
CA,Santa Clara,San Jose,Mill Pond 1 & 2,https://nextdoor.com/neighborhood/7caroldrive--san-jose--ca/
CA,Santa Clara,San Jose,Mirassou Vineyards,https://nextdoor.com/neighborhood/8mirassouvineyards--san-jose--ca/
CA,Santa Clara,San Jose,Mitty,https://nextdoor.com/neighborhood/1mitty--san-jose--ca/
CA,Santa Clara,San Jose,Modern Ice,https://nextdoor.com/neighborhood/3modernice--san-jose--ca/
CA,Santa Clara,San Jose,Montecito Vista,https://nextdoor.com/neighborhood/montecitovista--san-jose--ca/
CA,Santa Clara,San Jose,Monterey Grove,https://nextdoor.com/neighborhood/montereygrove--san-jose--ca/
CA,Santa Clara,San Jose,Monterey Manor,https://nextdoor.com/neighborhood/montererymanner--san-jose--ca/
CA,Santa Clara,San Jose,Montevideo,https://nextdoor.com/neighborhood/10montevideo--san-jose--ca/
CA,Santa Clara,San Jose,Monticello,https://nextdoor.com/neighborhood/7monticello--san-jose--ca/
CA,Santa Clara,San Jose,Moreland West,https://nextdoor.com/neighborhood/1morelandwest--san-jose--ca/
CA,Santa Clara,San Jose,Morrill,https://nextdoor.com/neighborhood/4morrill--san-jose--ca/
CA,Santa Clara,San Jose,Mountain Shadows,https://nextdoor.com/neighborhood/10mountainshadowssanjose--san-jose--ca/
CA,Santa Clara,San Jose,Mountain Springs,https://nextdoor.com/neighborhood/mountainspringsca--san-jose--ca/
CA,Santa Clara,San Jose,Mt. Hamilton,https://nextdoor.com/neighborhood/mthamiltonca--san-jose--ca/
CA,Santa Clara,San Jose,Mt. Pleasant,https://nextdoor.com/neighborhood/5mtpleasant--san-jose--ca/
CA,Santa Clara,San Jose,Murdock,https://nextdoor.com/neighborhood/1murdock--san-jose--ca/
CA,Santa Clara,San Jose,Murillo,https://nextdoor.com/neighborhood/8murillo--san-jose--ca/
CA,Santa Clara,San Jose,Naglee Park,https://nextdoor.com/neighborhood/3nagleepark--san-jose--ca/
CA,Santa Clara,San Jose,Newhall,https://nextdoor.com/neighborhood/6newhallsj--san-jose--ca/
CA,Santa Clara,San Jose,Nieman Neighbors,https://nextdoor.com/neighborhood/niemanneighbors--san-jose--ca/
CA,Santa Clara,San Jose,Noble,https://nextdoor.com/neighborhood/4noble--san-jose--ca/
CA,Santa Clara,San Jose,Noddin,https://nextdoor.com/neighborhood/9noddin--san-jose--ca/
CA,Santa Clara,San Jose,North Flea Market,https://nextdoor.com/neighborhood/4northfleamarket--san-jose--ca/
CA,Santa Clara,San Jose,Northlake,https://nextdoor.com/neighborhood/1northlakesanjose--san-jose--ca/
CA,Santa Clara,San Jose,Northpark,https://nextdoor.com/neighborhood/northpark--san-jose--ca/
CA,Santa Clara,San Jose,Northside,https://nextdoor.com/neighborhood/3northside--san-jose--ca/
CA,Santa Clara,San Jose,North Side - Luna Park,https://nextdoor.com/neighborhood/northsidelunapark--san-jose--ca/
CA,Santa Clara,San Jose,North Willow Glen,https://nextdoor.com/neighborhood/6nwillowglen--san-jose--ca/
CA,Santa Clara,San Jose,Northwood,https://nextdoor.com/neighborhood/4northwood--san-jose--ca/
CA,Santa Clara,San Jose,Norwood,https://nextdoor.com/neighborhood/8norwoodsanjose--san-jose--ca/
CA,Santa Clara,San Jose,N White Rd,https://nextdoor.com/neighborhood/nwhiterd--san-jose--ca/
CA,Santa Clara,San Jose,Oak Canyon,https://nextdoor.com/neighborhood/10oakcanyon--san-jose--ca/
CA,Santa Clara,San Jose,Oak Grove,https://nextdoor.com/neighborhood/2oakgrovesanjose--san-jose--ca/
CA,Santa Clara,San Jose,Oak Hill,https://nextdoor.com/neighborhood/oakhillca--san-jose--ca/
CA,Santa Clara,San Jose,Oakland Road,https://nextdoor.com/neighborhood/oaklandroad--san-jose--ca/
CA,Santa Clara,San Jose,Oakwood,https://nextdoor.com/neighborhood/oakwoodsanjose--san-jose--ca/
CA,Santa Clara,San Jose,Ocala,https://nextdoor.com/neighborhood/8ocala--san-jose--ca/
CA,Santa Clara,San Jose,Ohlone,https://nextdoor.com/neighborhood/4ohlone--san-jose--ca/
CA,Santa Clara,San Jose,Old Port,https://nextdoor.com/neighborhood/4oldport--san-jose--ca/
CA,Santa Clara,San Jose,Olinder,https://nextdoor.com/neighborhood/3olinder--san-jose--ca/
CA,Santa Clara,San Jose,Onyx,https://nextdoor.com/neighborhood/onyxsjca--san-jose--ca/
CA,Santa Clara,San Jose,Orchard Park,https://nextdoor.com/neighborhood/orchardparkca2--san-jose--ca/
CA,Santa Clara,San Jose,Orchard St,https://nextdoor.com/neighborhood/orchardstsanjose--san-jose--ca/
CA,Santa Clara,San Jose,Oster,https://nextdoor.com/neighborhood/9oster--san-jose--ca/
CA,Santa Clara,San Jose,Overfelt,https://nextdoor.com/neighborhood/overfelt--san-jose--ca/
CA,Santa Clara,San Jose,Pacheco,https://nextdoor.com/neighborhood/4pacheco--san-jose--ca/
CA,Santa Clara,San Jose,Palm Haven,https://nextdoor.com/neighborhood/6palmhavenca--san-jose--ca/
CA,Santa Clara,San Jose,Palmia,https://nextdoor.com/neighborhood/2palmia--san-jose--ca/
CA,Santa Clara,San Jose,Pamlar - Borello,https://nextdoor.com/neighborhood/6palmarborello--san-jose--ca/
CA,Santa Clara,San Jose,Paragon,https://nextdoor.com/neighborhood/paragon--san-jose--ca/
CA,Santa Clara,San Jose,Park Place,https://nextdoor.com/neighborhood/10parkplace--san-jose--ca/
CA,Santa Clara,San Jose,Park Pleasant,https://nextdoor.com/neighborhood/5parkpleasant--san-jose--ca/
CA,Santa Clara,San Jose,Parkside Glen,https://nextdoor.com/neighborhood/parksideglen--san-jose--ca/
CA,Santa Clara,San Jose,Parkview,https://nextdoor.com/neighborhood/10parkview--san-jose--ca/
CA,Santa Clara,San Jose,Paseo Plaza,https://nextdoor.com/neighborhood/3paseoplaza--san-jose--ca/
CA,Santa Clara,San Jose,Penitencia,https://nextdoor.com/neighborhood/4penitencia--san-jose--ca/
CA,Santa Clara,San Jose,Piedmont,https://nextdoor.com/neighborhood/4piedmont--san-jose--ca/
CA,Santa Clara,San Jose,Pierce Ranch,https://nextdoor.com/neighborhood/10pierceranch--san-jose--ca/
CA,Santa Clara,San Jose,Piercy,https://nextdoor.com/neighborhood/piercy--san-jose--ca/
CA,Santa Clara,San Jose,Pine Hollow,https://nextdoor.com/neighborhood/3pinehollow--san-jose--ca/
CA,Santa Clara,San Jose,Pinehurst,https://nextdoor.com/neighborhood/9pinehursthomes--san-jose--ca/
CA,Santa Clara,San Jose,Pinnacle,https://nextdoor.com/neighborhood/4pinnaclesanjose--san-jose--ca/
CA,Santa Clara,San Jose,Plant 51,https://nextdoor.com/neighborhood/6plant51--san-jose--ca/
CA,Santa Clara,San Jose,Plata Arroyo,https://nextdoor.com/neighborhood/5plataarroyo--san-jose--ca/
CA,Santa Clara,San Jose,Playa Del Rey,https://nextdoor.com/neighborhood/10playadelreysanjose--san-jose--ca/
CA,Santa Clara,San Jose,Pleasant Hills,https://nextdoor.com/neighborhood/8pleasanthills--san-jose--ca/
CA,Santa Clara,San Jose,Pleasant Knoll,https://nextdoor.com/neighborhood/5pleasantknoll--san-jose--ca/
CA,Santa Clara,San Jose,Ponderosa Woods,https://nextdoor.com/neighborhood/4ponderosawoods--san-jose--ca/
CA,Santa Clara,San Jose,Primrose,https://nextdoor.com/neighborhood/1primrose--san-jose--ca/
CA,Santa Clara,San Jose,Quimby,https://nextdoor.com/neighborhood/8quimby--san-jose--ca/
CA,Santa Clara,San Jose,Rainbow West,https://nextdoor.com/neighborhood/1rainbowwest--san-jose--ca/
CA,Santa Clara,San Jose,Rancho,https://nextdoor.com/neighborhood/7ranchosanjose--san-jose--ca/
CA,Santa Clara,San Jose,Ravenna,https://nextdoor.com/neighborhood/sanjoseravenna--san-jose--ca/
CA,Santa Clara,San Jose,River Oaks,https://nextdoor.com/neighborhood/4riveroakssanjose--san-jose--ca/
CA,Santa Clara,San Jose,River View Skyway,https://nextdoor.com/neighborhood/riverviewskyway--san-jose--ca/
CA,Santa Clara,San Jose,Rockspring,https://nextdoor.com/neighborhood/7rockspring--san-jose--ca/
CA,Santa Clara,San Jose,Roosevelt,https://nextdoor.com/neighborhood/3roosevelt--san-jose--ca/
CA,Santa Clara,San Jose,Rose Garden West,https://nextdoor.com/neighborhood/rosegardenwest--san-jose--ca/
CA,Santa Clara,San Jose,Rose Glen,https://nextdoor.com/neighborhood/6roseglenca--san-jose--ca/
CA,Santa Clara,San Jose,Rosemary Gardens,https://nextdoor.com/neighborhood/3rosemarygardens--san-jose--ca/
CA,Santa Clara,San Jose,Rose / Sartorette,https://nextdoor.com/neighborhood/9rosesartorette--san-jose--ca/
CA,Santa Clara,San Jose,Ross Creek,https://nextdoor.com/neighborhood/9rosscreek--san-jose--ca/
CA,Santa Clara,San Jose,Ruskin,https://nextdoor.com/neighborhood/4ruskin--san-jose--ca/
CA,Santa Clara,San Jose,Ryan,https://nextdoor.com/neighborhood/5ryan--san-jose--ca/
CA,Santa Clara,San Jose,Rymar,https://nextdoor.com/neighborhood/4rymar--san-jose--ca/
CA,Santa Clara,San Jose,Salamoni Pala Ranch,https://nextdoor.com/neighborhood/salamonipalaranch--san-jose--ca/
CA,Santa Clara,San Jose,San Jose Gateway Place,https://nextdoor.com/neighborhood/sanjosegatewayplace--san-jose--ca/
CA,Santa Clara,San Jose,San Jose Sell,https://nextdoor.com/neighborhood/sanjosesell--san-jose--ca/
CA,Santa Clara,San Jose,San  Ramon,https://nextdoor.com/neighborhood/2sanramon--san-jose--ca/
CA,Santa Clara,San Jose,Santa Monica,https://nextdoor.com/neighborhood/9santamonica--san-jose--ca/
CA,Santa Clara,San Jose,Santana Row,https://nextdoor.com/neighborhood/santanarow--san-jose--ca/
CA,Santa Clara,San Jose,Santa Teresa,https://nextdoor.com/neighborhood/2santateresa--san-jose--ca/
CA,Santa Clara,San Jose,San Tomas Aquino Park,https://nextdoor.com/neighborhood/1santomasaquinopark--san-jose--ca/
CA,Santa Clara,San Jose,Saybrook Pointe,https://nextdoor.com/neighborhood/saybrookpointe--san-jose--ca/
CA,Santa Clara,San Jose,SCVCC,https://nextdoor.com/neighborhood/8scvcc--san-jose--ca/
CA,Santa Clara,San Jose,Senter Rd,https://nextdoor.com/neighborhood/senterrd--san-jose--ca/
CA,Santa Clara,San Jose,Senterville Terrace,https://nextdoor.com/neighborhood/sentervilleterrace--san-jose--ca/
CA,Santa Clara,San Jose,Seven Trees,https://nextdoor.com/neighborhood/7seventrees--san-jose--ca/
CA,Santa Clara,San Jose,Shadow Pines,https://nextdoor.com/neighborhood/shadowpines--san-jose--ca/
CA,Santa Clara,San Jose,Shawnee,https://nextdoor.com/neighborhood/10shawnee--san-jose--ca/
CA,Santa Clara,San Jose,Sherman Oaks,https://nextdoor.com/neighborhood/6shermanoaks--san-jose--ca/
CA,Santa Clara,San Jose,Silcreek,https://nextdoor.com/neighborhood/silcreek--san-jose--ca/
CA,Santa Clara,San Jose,Silver Creek,https://nextdoor.com/neighborhood/8silvercreek--san-jose--ca/
CA,Santa Clara,San Jose,Silverland,https://nextdoor.com/neighborhood/8silverland--san-jose--ca/
CA,Santa Clara,San Jose,Silver Leaf,https://nextdoor.com/neighborhood/2silverleaf--san-jose--ca/
CA,Santa Clara,San Jose,Singer Park,https://nextdoor.com/neighborhood/singerpark--san-jose--ca/
CA,Santa Clara,San Jose,Skyport,https://nextdoor.com/neighborhood/skyport--san-jose--ca/
CA,Santa Clara,San Jose,Somerset Knolls,https://nextdoor.com/neighborhood/somersetknollsca--san-jose--ca/
CA,Santa Clara,San Jose,Spartan - Keyes,https://nextdoor.com/neighborhood/3spartankeyes--san-jose--ca/
CA,Santa Clara,San Jose,Starbird,https://nextdoor.com/neighborhood/1starbird--san-jose--ca/
CA,Santa Clara,San Jose,Station 121,https://nextdoor.com/neighborhood/station121--san-jose--ca/
CA,Santa Clara,San Jose,Stevens Creek,https://nextdoor.com/neighborhood/1stevenscreek--san-jose--ca/
CA,Santa Clara,San Jose,St. James Park,https://nextdoor.com/neighborhood/stjamesparkca--san-jose--ca/
CA,Santa Clara,San Jose,St. John Vianney,https://nextdoor.com/neighborhood/5stjohnvianney--san-jose--ca/
CA,Santa Clara,San Jose,Stonegate  East,https://nextdoor.com/neighborhood/7stonegateeast--san-jose--ca/
CA,Santa Clara,San Jose,Story Ridge,https://nextdoor.com/neighborhood/5storyridge--san-jose--ca/
CA,Santa Clara,San Jose,St. Victor,https://nextdoor.com/neighborhood/4stvictor--san-jose--ca/
CA,Santa Clara,San Jose,Summercreek,https://nextdoor.com/neighborhood/6summercreek--san-jose--ca/
CA,Santa Clara,San Jose,Summerdale,https://nextdoor.com/neighborhood/4summerdale--san-jose--ca/
CA,Santa Clara,San Jose,Summerside,https://nextdoor.com/neighborhood/7summerside--san-jose--ca/
CA,Santa Clara,San Jose,Sweigert,https://nextdoor.com/neighborhood/4sweigert--san-jose--ca/
CA,Santa Clara,San Jose,S Willow/Lincoln Glen,https://nextdoor.com/neighborhood/9swillowlincolnglen--san-jose--ca/
CA,Santa Clara,San Jose,Sylvandale  West,https://nextdoor.com/neighborhood/7sylvandalewest--san-jose--ca/
CA,Santa Clara,San Jose,Tamien,https://nextdoor.com/neighborhood/3tamien--san-jose--ca/
CA,Santa Clara,San Jose,Tanglewood,https://nextdoor.com/neighborhood/9tanglewood--san-jose--ca/
CA,Santa Clara,San Jose,Tatra,https://nextdoor.com/neighborhood/9tatra--san-jose--ca/
CA,Santa Clara,San Jose,Terrace  Hills,https://nextdoor.com/neighborhood/5terracehills--san-jose--ca/
CA,Santa Clara,San Jose,The Brooks,https://nextdoor.com/neighborhood/1thebrooks--san-jose--ca/
CA,Santa Clara,San Jose,The Plant,https://nextdoor.com/neighborhood/theplant--san-jose--ca/
CA,Santa Clara,San Jose,The Sonora,https://nextdoor.com/neighborhood/thesonora--san-jose--ca/
CA,Santa Clara,San Jose,The Villages,https://nextdoor.com/neighborhood/8thevillages--san-jose--ca/
CA,Santa Clara,San Jose,The Woods,https://nextdoor.com/neighborhood/thewoodsca--san-jose--ca/
CA,Santa Clara,San Jose,Thousand Oaks,https://nextdoor.com/neighborhood/9thousandoaks--san-jose--ca/
CA,Santa Clara,San Jose,TJMPNA,https://nextdoor.com/neighborhood/10tjmpna--san-jose--ca/
CA,Santa Clara,San Jose,Tuers Rd / Mclaughlin Ave,https://nextdoor.com/neighborhood/tuersrdmclaughlinave--san-jose--ca/
CA,Santa Clara,San Jose,Tully Rd,https://nextdoor.com/neighborhood/tullyrd--san-jose--ca/
CA,Santa Clara,San Jose,Umbarger/Lewis,https://nextdoor.com/neighborhood/umbargerlewis--san-jose--ca/
CA,Santa Clara,San Jose,University,https://nextdoor.com/neighborhood/universitysanjose--san-jose--ca/
CA,Santa Clara,San Jose,Upper Sierra,https://nextdoor.com/neighborhood/4uppersierra--san-jose--ca/
CA,Santa Clara,San Jose,Valley  View / Reed,https://nextdoor.com/neighborhood/9valleyviewreed--san-jose--ca/
CA,Santa Clara,San Jose,Vendome - Civic Center,https://nextdoor.com/neighborhood/3vendomesj--san-jose--ca/
CA,Santa Clara,San Jose,Villa Cortona,https://nextdoor.com/neighborhood/villacortonasj--san-jose--ca/
CA,Santa Clara,San Jose,Villas of Mabury,https://nextdoor.com/neighborhood/villasofmaburyca--san-jose--ca/
CA,Santa Clara,San Jose,Villa Teresa Park,https://nextdoor.com/neighborhood/villateresapark--san-jose--ca/
CA,Santa Clara,San Jose,Villa Valencia,https://nextdoor.com/neighborhood/villavalencia--san-jose--ca/
CA,Santa Clara,San Jose,Vinci South,https://nextdoor.com/neighborhood/4vincisouth--san-jose--ca/
CA,Santa Clara,San Jose,Vineyard Park,https://nextdoor.com/neighborhood/8vineyardpark--san-jose--ca/
CA,Santa Clara,San Jose,Vista  Park,https://nextdoor.com/neighborhood/10vistapark--san-jose--ca/
CA,Santa Clara,San Jose,Vistapark-Martial Cottle,https://nextdoor.com/neighborhood/vistaparkmartialcottle--san-jose--ca/
CA,Santa Clara,San Jose,Viviente One & VMC,https://nextdoor.com/neighborhood/vivienteonevmc--san-jose--ca/
CA,Santa Clara,San Jose,Warner Heights,https://nextdoor.com/neighborhood/5warnerheights--san-jose--ca/
CA,Santa Clara,San Jose,Washington,https://nextdoor.com/neighborhood/3washington--san-jose--ca/
CA,Santa Clara,San Jose,Waterford Park,https://nextdoor.com/neighborhood/waterfordparksj--san-jose--ca/
CA,Santa Clara,San Jose,Western Gardens,https://nextdoor.com/neighborhood/westerngardenssj--san-jose--ca/
CA,Santa Clara,San Jose,Westgate Village,https://nextdoor.com/neighborhood/1westgatevillage--san-jose--ca/
CA,Santa Clara,San Jose,Westmont,https://nextdoor.com/neighborhood/1westmontsanjose--san-jose--ca/
CA,Santa Clara,San Jose,West of Capitol,https://nextdoor.com/neighborhood/5westofcapitol--san-jose--ca/
CA,Santa Clara,San Jose,Westside,https://nextdoor.com/neighborhood/1westside--san-jose--ca/
CA,Santa Clara,San Jose,West Tasman,https://nextdoor.com/neighborhood/westtasmansanjose--san-jose--ca/
CA,Santa Clara,San Jose,Whaley,https://nextdoor.com/neighborhood/7whaley--san-jose--ca/
CA,Santa Clara,San Jose,Whispering Hills,https://nextdoor.com/neighborhood/whisperinghillssanjose--san-jose--ca/
CA,Santa Clara,San Jose,Willo Mar,https://nextdoor.com/neighborhood/9willomar--san-jose--ca/
CA,Santa Clara,San Jose,Willow Ridge,https://nextdoor.com/neighborhood/willowridgeca--san-jose--ca/
CA,Santa Clara,San Jose,Willows in San Jose,https://nextdoor.com/neighborhood/6willowsinsanjose--san-jose--ca/
CA,Santa Clara,San Jose,Wilshire Park,https://nextdoor.com/neighborhood/wilshireparkca--san-jose--ca/
CA,Santa Clara,San Jose,Winchester Orchard,https://nextdoor.com/neighborhood/winchesterorchard--san-jose--ca/
CA,Santa Clara,San Jose,Windmill  Springs,https://nextdoor.com/neighborhood/7windmillsprings--san-jose--ca/
CA,Santa Clara,San Jose,Winfield,https://nextdoor.com/neighborhood/winfield10--san-jose--ca/
CA,Santa Clara,San Jose,Yarwood Ct,https://nextdoor.com/neighborhood/yarwoodct--san-jose--ca/
CA,Santa Clara,San Jose,Yerba Buena,https://nextdoor.com/neighborhood/7yerbabuena--san-jose--ca/
CA,Santa Clara,Santa Clara,49ers-Backdoor-Community,https://nextdoor.com/neighborhood/49ersbackdoorcommunity--santa-clara--ca/
CA,Santa Clara,Santa Clara,Alta Mira,https://nextdoor.com/neighborhood/altamira--santa-clara--ca/
CA,Santa Clara,Santa Clara,Bowers/Monroe,https://nextdoor.com/neighborhood/bowersmonroe--santa-clara--ca/
CA,Santa Clara,Santa Clara,Bracher Park,https://nextdoor.com/neighborhood/bracherpark--santa-clara--ca/
CA,Santa Clara,Santa Clara,Buckingham Drive,https://nextdoor.com/neighborhood/buckinghamdrive--santa-clara--ca/
CA,Santa Clara,Santa Clara,Cabrillo Avenue,https://nextdoor.com/neighborhood/cabrilloavenue--santa-clara--ca/
CA,Santa Clara,Santa Clara,Cascade Park,https://nextdoor.com/neighborhood/cascadepark--santa-clara--ca/
CA,Santa Clara,Santa Clara,Catala Court,https://nextdoor.com/neighborhood/catalacourt--santa-clara--ca/
CA,Santa Clara,Santa Clara,Central Park West,https://nextdoor.com/neighborhood/centralparkwest--santa-clara--ca/
CA,Santa Clara,Santa Clara,Central Santa Clara,https://nextdoor.com/neighborhood/centralsantaclara--santa-clara--ca/
CA,Santa Clara,Santa Clara,Coleman,https://nextdoor.com/neighborhood/colemanca--santa-clara--ca/
CA,Santa Clara,Santa Clara,College Camino Hilmar,https://nextdoor.com/neighborhood/collegecaminohilmar--santa-clara--ca/
CA,Santa Clara,Santa Clara,Coronado Villas,https://nextdoor.com/neighborhood/coronadovillasca--santa-clara--ca/
CA,Santa Clara,Santa Clara,Courtyard,https://nextdoor.com/neighborhood/courtyard--santa-clara--ca/
CA,Santa Clara,Santa Clara,De La Cruz,https://nextdoor.com/neighborhood/delacruzsantaclara--santa-clara--ca/
CA,Santa Clara,Santa Clara,Ellena Dr,https://nextdoor.com/neighborhood/ellenadr--santa-clara--ca/
CA,Santa Clara,Santa Clara,Forest Park,https://nextdoor.com/neighborhood/forestpark--santa-clara--ca/
CA,Santa Clara,Santa Clara,Fremont Park Vicinity,https://nextdoor.com/neighborhood/fremontparkvicinity--santa-clara--ca/
CA,Santa Clara,Santa Clara,Halford Ave,https://nextdoor.com/neighborhood/halfordave--santa-clara--ca/
CA,Santa Clara,Santa Clara,Hampton Place,https://nextdoor.com/neighborhood/hamptonplacescca--santa-clara--ca/
CA,Santa Clara,Santa Clara,Homes at Central Park,https://nextdoor.com/neighborhood/homesatcentralpark--santa-clara--ca/
CA,Santa Clara,Santa Clara,KB  Toscana,https://nextdoor.com/neighborhood/kbtoscana--santa-clara--ca/
CA,Santa Clara,Santa Clara,Kentfield,https://nextdoor.com/neighborhood/kentfieldca1--santa-clara--ca/
CA,Santa Clara,Santa Clara,Kimberlin,https://nextdoor.com/neighborhood/kimberlin--santa-clara--ca/
CA,Santa Clara,Santa Clara,Lafayette,https://nextdoor.com/neighborhood/lafayetteca--santa-clara--ca/
CA,Santa Clara,Santa Clara,Lakeshore Dr / Agnew Road,https://nextdoor.com/neighborhood/lakeshoredragnewroad--santa-clara--ca/
CA,Santa Clara,Santa Clara,Laurel Place II,https://nextdoor.com/neighborhood/laurelplaceii--santa-clara--ca/
CA,Santa Clara,Santa Clara,Lawrence and El Camino,https://nextdoor.com/neighborhood/lawrenceandelcamino--santa-clara--ca/
CA,Santa Clara,Santa Clara,Main Street,https://nextdoor.com/neighborhood/mainstreetca--santa-clara--ca/
CA,Santa Clara,Santa Clara,Manchester Dr,https://nextdoor.com/neighborhood/manchesterdr--santa-clara--ca/
CA,Santa Clara,Santa Clara,Maryann Drive,https://nextdoor.com/neighborhood/maryanndrive--santa-clara--ca/
CA,Santa Clara,Santa Clara,Midtown Village,https://nextdoor.com/neighborhood/midtownvillageca--santa-clara--ca/
CA,Santa Clara,Santa Clara,Miraval,https://nextdoor.com/neighborhood/miraval--santa-clara--ca/
CA,Santa Clara,Santa Clara,Monastery Gardens,https://nextdoor.com/neighborhood/monasterygardens--santa-clara--ca/
CA,Santa Clara,Santa Clara,Monroe/Cabrillo,https://nextdoor.com/neighborhood/monroecabrillo--santa-clara--ca/
CA,Santa Clara,Santa Clara,Montague,https://nextdoor.com/neighborhood/montague--santa-clara--ca/
CA,Santa Clara,Santa Clara,Moreland,https://nextdoor.com/neighborhood/moreland--santa-clara--ca/
CA,Santa Clara,Santa Clara,North of Robinson,https://nextdoor.com/neighborhood/noro--santa-clara--ca/
CA,Santa Clara,Santa Clara,Oakmead,https://nextdoor.com/neighborhood/oakmeadca--santa-clara--ca/
CA,Santa Clara,Santa Clara,Oakridge Apartments,https://nextdoor.com/neighborhood/oakridgeapartments--santa-clara--ca/
CA,Santa Clara,Santa Clara,Old Bassett Station,https://nextdoor.com/neighborhood/oldbassettstation--santa-clara--ca/
CA,Santa Clara,Santa Clara,Old Mountain View/Alviso,https://nextdoor.com/neighborhood/oldmountainviewalviso--santa-clara--ca/
CA,Santa Clara,Santa Clara,Orchard Glen,https://nextdoor.com/neighborhood/orchardglensantaclara--santa-clara--ca/
CA,Santa Clara,Santa Clara,Pacific Gardens,https://nextdoor.com/neighborhood/pacificgardensca--santa-clara--ca/
CA,Santa Clara,Santa Clara,Park Court,https://nextdoor.com/neighborhood/parkcourt--santa-clara--ca/
CA,Santa Clara,Santa Clara,Park-Hilmar,https://nextdoor.com/neighborhood/parkhilmar--santa-clara--ca/
CA,Santa Clara,Santa Clara,Primavera,https://nextdoor.com/neighborhood/primavera--santa-clara--ca/
CA,Santa Clara,Santa Clara,Pruneridge Place,https://nextdoor.com/neighborhood/pruneridgeplace--santa-clara--ca/
CA,Santa Clara,Santa Clara,Rancho Palma Grande,https://nextdoor.com/neighborhood/ranchopalmagrande--santa-clara--ca/
CA,Santa Clara,Santa Clara,Rivermark,https://nextdoor.com/neighborhood/rivermark--santa-clara--ca/
CA,Santa Clara,Santa Clara,San Tomas Creek,https://nextdoor.com/neighborhood/santomascreek--santa-clara--ca/
CA,Santa Clara,Santa Clara,San Tomas Woods,https://nextdoor.com/neighborhood/santomaswoods--santa-clara--ca/
CA,Santa Clara,Santa Clara,Serena Park,https://nextdoor.com/neighborhood/serenaparksantaclara--santa-clara--ca/
CA,Santa Clara,Santa Clara,Sheraton Drive,https://nextdoor.com/neighborhood/sheratondrive--santa-clara--ca/
CA,Santa Clara,Santa Clara,South of Forest,https://nextdoor.com/neighborhood/sofna--santa-clara--ca/
CA,Santa Clara,Santa Clara,Summerwood,https://nextdoor.com/neighborhood/summerwoodca--santa-clara--ca/
CA,Santa Clara,Santa Clara,Talavera,https://nextdoor.com/neighborhood/talavera--santa-clara--ca/
CA,Santa Clara,Santa Clara,Vista,https://nextdoor.com/neighborhood/vistasantaclara--santa-clara--ca/
CA,Santa Clara,Santa Clara,Warburton and Los Padres,https://nextdoor.com/neighborhood/warburtonlospadres--santa-clara--ca/
CA,Santa Clara,Santa Clara,Washington and Reed St,https://nextdoor.com/neighborhood/washingtonandreedst--santa-clara--ca/
CA,Santa Clara,Santa Clara,Washington Park,https://nextdoor.com/neighborhood/washingtonparksantaclara--santa-clara--ca/
CA,Santa Clara,Santa Clara,Westwood,https://nextdoor.com/neighborhood/westwoodsantaclara--santa-clara--ca/
CA,Santa Clara,Santa Clara,Wilcox High to Cabrillo,https://nextdoor.com/neighborhood/wilcoxhightocabrillo--santa-clara--ca/
CA,Santa Clara,Santa Clara,Willow Springs,https://nextdoor.com/neighborhood/willowsprings--santa-clara--ca/
CA,Santa Clara,Santa Clara,Woodsborough,https://nextdoor.com/neighborhood/woodsborough--santa-clara--ca/
CA,Santa Clara,Sunnyvale,37 Degrees North,https://nextdoor.com/neighborhood/37degreesnorth--sunnyvale--ca/
CA,Santa Clara,Sunnyvale,Adobe Wells MHP,https://nextdoor.com/neighborhood/adobewellsmhp--sunnyvale--ca/
CA,Santa Clara,Sunnyvale,Avalon Silicon Valley,https://nextdoor.com/neighborhood/avalonsiliconvalley--sunnyvale--ca/
CA,Santa Clara,Sunnyvale,Belleville,https://nextdoor.com/neighborhood/belleville--sunnyvale--ca/
CA,Santa Clara,Sunnyvale,Bernardo Iowa,https://nextdoor.com/neighborhood/bernardoiowa--sunnyvale--ca/
CA,Santa Clara,Sunnyvale,Bobwhite and Bobolink,https://nextdoor.com/neighborhood/bobwhiteandbobolink--sunnyvale--ca/
CA,Santa Clara,Sunnyvale,Casa Blanca Townhomes,https://nextdoor.com/neighborhood/casablancatownhomes--sunnyvale--ca/
CA,Santa Clara,Sunnyvale,Casa De Amigos,https://nextdoor.com/neighborhood/casadeamigos--sunnyvale--ca/
CA,Santa Clara,Sunnyvale,Cedarwood,https://nextdoor.com/neighborhood/cedarwoodsunnyvale--sunnyvale--ca/
CA,Santa Clara,Sunnyvale,Cherry Chase,https://nextdoor.com/neighborhood/cherrychase--sunnyvale--ca/
CA,Santa Clara,Sunnyvale,Cherry Hill,https://nextdoor.com/neighborhood/cherryhillca--sunnyvale--ca/
CA,Santa Clara,Sunnyvale,Cherry Orchard,https://nextdoor.com/neighborhood/cherryorchard--sunnyvale--ca/
CA,Santa Clara,Sunnyvale,Citra,https://nextdoor.com/neighborhood/citra--sunnyvale--ca/
CA,Santa Clara,Sunnyvale,Cumberland South,https://nextdoor.com/neighborhood/cumberlandsouthsunnyvale--sunnyvale--ca/
CA,Santa Clara,Sunnyvale,Deguigne Dr,https://nextdoor.com/neighborhood/deguignedr--sunnyvale--ca/
CA,Santa Clara,Sunnyvale,Downtown/Heritage District,https://nextdoor.com/neighborhood/downtownhd--sunnyvale--ca/
CA,Santa Clara,Sunnyvale,Dunsmuir,https://nextdoor.com/neighborhood/dunsmuir--sunnyvale--ca/
CA,Santa Clara,Sunnyvale,Encinal Park,https://nextdoor.com/neighborhood/encinalparkarea--sunnyvale--ca/
CA,Santa Clara,Sunnyvale,Evelyn Glen,https://nextdoor.com/neighborhood/evelynglen--sunnyvale--ca/
CA,Santa Clara,Sunnyvale,Fairbrae,https://nextdoor.com/neighborhood/fairbrae--sunnyvale--ca/
CA,Santa Clara,Sunnyvale,Fair Oaks and Wolfe,https://nextdoor.com/neighborhood/fairoaksandwolfe--sunnyvale--ca/
CA,Santa Clara,Sunnyvale,Fremont Terrace,https://nextdoor.com/neighborhood/fremontterrace--sunnyvale--ca/
CA,Santa Clara,Sunnyvale,Garden Grove,https://nextdoor.com/neighborhood/gardengrovesunnyvale--sunnyvale--ca/
CA,Santa Clara,Sunnyvale,Heritage Park,https://nextdoor.com/neighborhood/heritageparksunnyvale--sunnyvale--ca/
CA,Santa Clara,Sunnyvale,Hollenbeck/Alberta,https://nextdoor.com/neighborhood/hollenbeckalberta--sunnyvale--ca/
CA,Santa Clara,Sunnyvale,Homestead/Heron,https://nextdoor.com/neighborhood/homesteadheron--sunnyvale--ca/
CA,Santa Clara,Sunnyvale,Lakewood Village,https://nextdoor.com/neighborhood/lakewoodvillageca--sunnyvale--ca/
CA,Santa Clara,Sunnyvale,Las Palmas,https://nextdoor.com/neighborhood/laspalmasca--sunnyvale--ca/
CA,Santa Clara,Sunnyvale,Lawrence Station,https://nextdoor.com/neighborhood/lawrencestation--sunnyvale--ca/
CA,Santa Clara,Sunnyvale,Lowlanders,https://nextdoor.com/neighborhood/lowlandersca--sunnyvale--ca/
CA,Santa Clara,Sunnyvale,Madera,https://nextdoor.com/neighborhood/madera--sunnyvale--ca/
CA,Santa Clara,Sunnyvale,Mary Manor,https://nextdoor.com/neighborhood/marymanor--sunnyvale--ca/
CA,Santa Clara,Sunnyvale,Morse Park,https://nextdoor.com/neighborhood/morsepark--sunnyvale--ca/
CA,Santa Clara,Sunnyvale,Nimitz,https://nextdoor.com/neighborhood/nimitz--sunnyvale--ca/
CA,Santa Clara,Sunnyvale,Olive - America,https://nextdoor.com/neighborhood/oliveamerica--sunnyvale--ca/
CA,Santa Clara,Sunnyvale,Ortega Park,https://nextdoor.com/neighborhood/ortegaparksv--sunnyvale--ca/
CA,Santa Clara,Sunnyvale,Plaza Del Rey,https://nextdoor.com/neighborhood/plazadelrey--sunnyvale--ca/
CA,Santa Clara,Sunnyvale,Ponderosa Park,https://nextdoor.com/neighborhood/ponderosapark--sunnyvale--ca/
CA,Santa Clara,Sunnyvale,Raynor Park,https://nextdoor.com/neighborhood/raynorparksunnyvale--sunnyvale--ca/
CA,Santa Clara,Sunnyvale,Reamwood Station,https://nextdoor.com/neighborhood/reamwoodstation--sunnyvale--ca/
CA,Santa Clara,Sunnyvale,Remington,https://nextdoor.com/neighborhood/remingtonca--sunnyvale--ca/
CA,Santa Clara,Sunnyvale,San Miguel,https://nextdoor.com/neighborhood/sanmiguelsunnyvale--sunnyvale--ca/
CA,Santa Clara,Sunnyvale,Santa Ana,https://nextdoor.com/neighborhood/santaana--sunnyvale--ca/
CA,Santa Clara,Sunnyvale,Serra Park,https://nextdoor.com/neighborhood/serrapark--sunnyvale--ca/
CA,Santa Clara,Sunnyvale,Snail,https://nextdoor.com/neighborhood/snail--sunnyvale--ca/
CA,Santa Clara,Sunnyvale,Stewart Village,https://nextdoor.com/neighborhood/stewartvillage--sunnyvale--ca/
CA,Santa Clara,Sunnyvale,Stowell Orchard,https://nextdoor.com/neighborhood/stowellorchard--sunnyvale--ca/
CA,Santa Clara,Sunnyvale,SunnyArts,https://nextdoor.com/neighborhood/sunnyarts--sunnyvale--ca/
CA,Santa Clara,Sunnyvale,Sunnyvale,https://nextdoor.com/neighborhood/sunnyvalechallengerneighbors--sunnyvale--ca/
CA,Santa Clara,Sunnyvale,Tasman Crossing,https://nextdoor.com/neighborhood/tasmancrossing--sunnyvale--ca/
CA,Santa Clara,Sunnyvale,The Arches Apartments,https://nextdoor.com/neighborhood/thearchesapts--sunnyvale--ca/
CA,Santa Clara,Sunnyvale,Ticonderoga-Trenton,https://nextdoor.com/neighborhood/ticonderoga-trenton--sunnyvale--ca/
CA,Santa Clara,Sunnyvale,Victory Village,https://nextdoor.com/neighborhood/victoryvillage--sunnyvale--ca/
CA,Santa Clara,Sunnyvale,Washington Park,https://nextdoor.com/neighborhood/washingtonparksunnvyale--sunnyvale--ca/
CA,Santa Clara,Sunnyvale,Wildwood Manor Apts,https://nextdoor.com/neighborhood/wildwoodmanorapts--sunnyvale--ca/
CA,Santa Clara,Palo Alto,Adobe Meadow,https://nextdoor.com/neighborhood/adobemeadow--palo-alto--ca/
CA,Santa Clara,Palo Alto,Altaire,https://nextdoor.com/neighborhood/altaireca--palo-alto--ca/
CA,Santa Clara,Palo Alto,Alta Torre,https://nextdoor.com/neighborhood/altatorre--palo-alto--ca/
CA,Santa Clara,Palo Alto,Barron Park,https://nextdoor.com/neighborhood/barronparkca--palo-alto--ca/
CA,Santa Clara,Palo Alto,Bowman,https://nextdoor.com/neighborhood/bowmanca--palo-alto--ca/
CA,Santa Clara,Palo Alto,California ave Easy,https://nextdoor.com/neighborhood/californiaaveeasy--palo-alto--ca/
CA,Santa Clara,Palo Alto,Charleston Gardens,https://nextdoor.com/neighborhood/charlestongardensca--palo-alto--ca/
CA,Santa Clara,Palo Alto,Charleston Meadows,https://nextdoor.com/neighborhood/charlestonmeadows--palo-alto--ca/
CA,Santa Clara,Palo Alto,College Terrace,https://nextdoor.com/neighborhood/collegeterracepaloalto--palo-alto--ca/
CA,Santa Clara,Palo Alto,Community Center,https://nextdoor.com/neighborhood/communitycenter--palo-alto--ca/
CA,Santa Clara,Palo Alto,Crescent Park,https://nextdoor.com/neighborhood/crescentpark--palo-alto--ca/
CA,Santa Clara,Palo Alto,Downtown North,https://nextdoor.com/neighborhood/downtownnorth--palo-alto--ca/
CA,Santa Clara,Palo Alto,Duveneck - St. Francis,https://nextdoor.com/neighborhood/duveneckstfrancis--palo-alto--ca/
CA,Santa Clara,Palo Alto,Echelon Palo Alto,https://nextdoor.com/neighborhood/echelonpa--palo-alto--ca/
CA,Santa Clara,Palo Alto,Embarcadero-Bayshore,https://nextdoor.com/neighborhood/embarcaderobayshore--palo-alto--ca/
CA,Santa Clara,Palo Alto,Evergreen Park,https://nextdoor.com/neighborhood/evergreenparkpaloalto--palo-alto--ca/
CA,Santa Clara,Palo Alto,Fairmeadow,https://nextdoor.com/neighborhood/fairmeadow--palo-alto--ca/
CA,Santa Clara,Palo Alto,Fulton Street,https://nextdoor.com/neighborhood/fultonstreet--palo-alto--ca/
CA,Santa Clara,Palo Alto,Greater Miranda,https://nextdoor.com/neighborhood/greatermiranda--palo-alto--ca/
CA,Santa Clara,Palo Alto,Greater Mitchell Park,https://nextdoor.com/neighborhood/greatermitchellpark--palo-alto--ca/
CA,Santa Clara,Palo Alto,Green Acres I,https://nextdoor.com/neighborhood/greenacresi--palo-alto--ca/
CA,Santa Clara,Palo Alto,Greendell,https://nextdoor.com/neighborhood/greendell--palo-alto--ca/
CA,Santa Clara,Palo Alto,Greenmeadow,https://nextdoor.com/neighborhood/greenmeadow--palo-alto--ca/
CA,Santa Clara,Palo Alto,Hansen,https://nextdoor.com/neighborhood/hansenca--palo-alto--ca/
CA,Santa Clara,Palo Alto,Hotel President,https://nextdoor.com/neighborhood/hotelpresident--palo-alto--ca/
CA,Santa Clara,Palo Alto,JCC,https://nextdoor.com/neighborhood/jccpaloalto--palo-alto--ca/
CA,Santa Clara,Palo Alto,Kings Lane,https://nextdoor.com/neighborhood/kingslane--palo-alto--ca/
CA,Santa Clara,Palo Alto,Leland Manor,https://nextdoor.com/neighborhood/lelandmanorca--palo-alto--ca/
CA,Santa Clara,Palo Alto,Loma Verde,https://nextdoor.com/neighborhood/lomaverdeca--palo-alto--ca/
CA,Santa Clara,Palo Alto,Manuela Ave./Esther Clark Park,https://nextdoor.com/neighborhood/manuelaaveestherclarkpark--palo-alto--ca/
CA,Santa Clara,Palo Alto,Meadow Circle,https://nextdoor.com/neighborhood/meadowcircleca--palo-alto--ca/
CA,Santa Clara,Palo Alto,Meadow Park,https://nextdoor.com/neighborhood/meadowpark--palo-alto--ca/
CA,Santa Clara,Palo Alto,Midtown,https://nextdoor.com/neighborhood/midtownpaloalto--palo-alto--ca/
CA,Santa Clara,Palo Alto,Moldaw Residences,https://nextdoor.com/neighborhood/moldawresidences--palo-alto--ca/
CA,Santa Clara,Palo Alto,Monroe Park,https://nextdoor.com/neighborhood/monroeparkca--palo-alto--ca/
CA,Santa Clara,Palo Alto,Old Palo Alto,https://nextdoor.com/neighborhood/opana--palo-alto--ca/
CA,Santa Clara,Palo Alto,Oregon Green,https://nextdoor.com/neighborhood/oregongreen--palo-alto--ca/
CA,Santa Clara,Palo Alto,Palo Alto Hills,https://nextdoor.com/neighborhood/paloaltohills--palo-alto--ca/
CA,Santa Clara,Palo Alto,Palo Alto Keats Ct,https://nextdoor.com/neighborhood/paloaltokeatsct--palo-alto--ca/
CA,Santa Clara,Palo Alto,Palo Alto Orchards,https://nextdoor.com/neighborhood/paloaltoorchards--palo-alto--ca/
CA,Santa Clara,Palo Alto,Palo Verde,https://nextdoor.com/neighborhood/paloverdepaloalto--palo-alto--ca/
CA,Santa Clara,Palo Alto,Professorville,https://nextdoor.com/neighborhood/professorville--palo-alto--ca/
CA,Santa Clara,Palo Alto,Rosewalk,https://nextdoor.com/neighborhood/rosewalk--palo-alto--ca/
CA,Santa Clara,Palo Alto,Rosewood Drive,https://nextdoor.com/neighborhood/rosewooddrive--palo-alto--ca/
CA,Santa Clara,Palo Alto,San Antonio Rd,https://nextdoor.com/neighborhood/sanantoniord--palo-alto--ca/
CA,Santa Clara,Palo Alto,Saymosaic,https://nextdoor.com/neighborhood/saymosaic--palo-alto--ca/
CA,Santa Clara,Palo Alto,Southgate,https://nextdoor.com/neighborhood/southgatepaloalto--palo-alto--ca/
CA,Santa Clara,Palo Alto,University South,https://nextdoor.com/neighborhood/universitysouthca--palo-alto--ca/
CA,Santa Clara,Palo Alto,Ventura,https://nextdoor.com/neighborhood/venturaca--palo-alto--ca/
CA,Santa Clara,Palo Alto,Walnut Grove,https://nextdoor.com/neighborhood/walnutgrovepaloalto--palo-alto--ca/
CA,Santa Clara,Mountain View,Americana,https://nextdoor.com/neighborhood/americanaca--mountain-view--ca/
CA,Santa Clara,Mountain View,Birch Creek,https://nextdoor.com/neighborhood/birchcreek--mountain-view--ca/
CA,Santa Clara,Mountain View,Blossom Valley,https://nextdoor.com/neighborhood/blossomvalley--mountain-view--ca/
CA,Santa Clara,Mountain View,Carmel The Village,https://nextdoor.com/neighborhood/carmelthevillage--mountain-view--ca/
CA,Santa Clara,Mountain View,Cuernavaca,https://nextdoor.com/neighborhood/cuernavacaca--mountain-view--ca/
CA,Santa Clara,Mountain View,Cuesta Park,https://nextdoor.com/neighborhood/cuestapark--mountain-view--ca/
CA,Santa Clara,Mountain View,Del Medio,https://nextdoor.com/neighborhood/delmedio--mountain-view--ca/
CA,Santa Clara,Mountain View,Ellis St,https://nextdoor.com/neighborhood/ellisst--mountain-view--ca/
CA,Santa Clara,Mountain View,Farley,https://nextdoor.com/neighborhood/farleymv--mountain-view--ca/
CA,Santa Clara,Mountain View,Gemello,https://nextdoor.com/neighborhood/gemello--mountain-view--ca/
CA,Santa Clara,Mountain View,Hidden Gardens,https://nextdoor.com/neighborhood/hiddengardens--mountain-view--ca/
CA,Santa Clara,Mountain View,Jason Way,https://nextdoor.com/neighborhood/jasonway--mountain-view--ca/
CA,Santa Clara,Mountain View,La Avenida,https://nextdoor.com/neighborhood/laavenida--mountain-view--ca/
CA,Santa Clara,Mountain View,Martens-Carmelita Neighborhood,https://nextdoor.com/neighborhood/martenscarmelitamv--mountain-view--ca/
CA,Santa Clara,Mountain View,Miramontecastro,https://nextdoor.com/neighborhood/miramontecastro--mountain-view--ca/
CA,Santa Clara,Mountain View,Miramonte/Trophy/Eichler,https://nextdoor.com/neighborhood/miramontetrophyeichler--mountain-view--ca/
CA,Santa Clara,Mountain View,Moffett Boulevard,https://nextdoor.com/neighborhood/moffettboulevardca--mountain-view--ca/
CA,Santa Clara,Mountain View,Moffett & Middlefield,https://nextdoor.com/neighborhood/moffettmiddlefield--mountain-view--ca/
CA,Santa Clara,Mountain View,Monta Loma,https://nextdoor.com/neighborhood/montaloma--mountain-view--ca/
CA,Santa Clara,Mountain View,Morgan,https://nextdoor.com/neighborhood/morgan--mountain-view--ca/
CA,Santa Clara,Mountain View,MV - Rengstorff Ave,https://nextdoor.com/neighborhood/mv-rengstorffave--mountain-view--ca/
CA,Santa Clara,Mountain View,North Whisman,https://nextdoor.com/neighborhood/northwhisman--mountain-view--ca/
CA,Santa Clara,Mountain View,Oaktree Commons,https://nextdoor.com/neighborhood/oaktreecommons--mountain-view--ca/
CA,Santa Clara,Mountain View,Rengstorff Park,https://nextdoor.com/neighborhood/rengstorffpark--mountain-view--ca/
CA,Santa Clara,Mountain View,Rex Manor,https://nextdoor.com/neighborhood/rexmanor--mountain-view--ca/
CA,Santa Clara,Mountain View,Rock Creek,https://nextdoor.com/neighborhood/rockcreek--mountain-view--ca/
CA,Santa Clara,Mountain View,Sahara,https://nextdoor.com/neighborhood/sahara--mountain-view--ca/
CA,Santa Clara,Mountain View,Santiago Villa,https://nextdoor.com/neighborhood/santiagovilla--mountain-view--ca/
CA,Santa Clara,Mountain View,Shoreline West,https://nextdoor.com/neighborhood/shorelinewest--mountain-view--ca/
CA,Santa Clara,Mountain View,Sierra Vista Park,https://nextdoor.com/neighborhood/sierravistapark--mountain-view--ca/
CA,Santa Clara,Mountain View,Springer Trees,https://nextdoor.com/neighborhood/springertrees--mountain-view--ca/
CA,Santa Clara,Mountain View,Square,https://nextdoor.com/neighborhood/square--mountain-view--ca/
CA,Santa Clara,Mountain View,St. Francis Acres,https://nextdoor.com/neighborhood/stfrancisacres--mountain-view--ca/
CA,Santa Clara,Mountain View,Stierlin Estates,https://nextdoor.com/neighborhood/stierlinestates--mountain-view--ca/
CA,Santa Clara,Mountain View,Sunnyvale II,https://nextdoor.com/neighborhood/sunnyvalemvca--mountain-view--ca/
CA,Santa Clara,Mountain View,Sylvan Park,https://nextdoor.com/neighborhood/sylvanpark--mountain-view--ca/
CA,Santa Clara,Mountain View,"The Crossings, Mt.View",https://nextdoor.com/neighborhood/thecrossingsmtview--mountain-view--ca/
CA,Santa Clara,Mountain View,Treehome,https://nextdoor.com/neighborhood/treehome--mountain-view--ca/
CA,Santa Clara,Mountain View,Varsity Park,https://nextdoor.com/neighborhood/varsitypark--mountain-view--ca/
CA,Santa Clara,Mountain View,Waverly Park,https://nextdoor.com/neighborhood/waverlypark--mountain-view--ca/
CA,Santa Clara,Mountain View,Wescoat Village,https://nextdoor.com/neighborhood/wescoatvillage--mountain-view--ca/
CA,Santa Clara,Cupertino,5618 Stevens Creek Blvd,https://nextdoor.com/neighborhood/5618stevenscreekblvd--cupertino--ca/
CA,Santa Clara,Cupertino,Apple HQ,https://nextdoor.com/neighborhood/applehq--cupertino--ca/
CA,Santa Clara,Cupertino,City Center,https://nextdoor.com/neighborhood/citycentercupertino--cupertino--ca/
CA,Santa Clara,Cupertino,Creston,https://nextdoor.com/neighborhood/crestoncupertino--cupertino--ca/
CA,Santa Clara,Cupertino,Fairgrove,https://nextdoor.com/neighborhood/fairgrovecupertino--cupertino--ca/
CA,Santa Clara,Cupertino,Faria,https://nextdoor.com/neighborhood/fariaca--cupertino--ca/
CA,Santa Clara,Cupertino,Garden Gate,https://nextdoor.com/neighborhood/gardengate--cupertino--ca/
CA,Santa Clara,Cupertino,Homestead Villa,https://nextdoor.com/neighborhood/homesteadvillacupertino--cupertino--ca/
CA,Santa Clara,Cupertino,Inspiration Heights,https://nextdoor.com/neighborhood/inspirationheights--cupertino--ca/
CA,Santa Clara,Cupertino,Monta Vista,https://nextdoor.com/neighborhood/montavistaca--cupertino--ca/
CA,Santa Clara,Cupertino,Montebello Rd,https://nextdoor.com/neighborhood/montebellord--cupertino--ca/
CA,Santa Clara,Cupertino,North Blaney,https://nextdoor.com/neighborhood/northblaney--cupertino--ca/
CA,Santa Clara,Cupertino,Oak Valley,https://nextdoor.com/neighborhood/oakvalleycupertino--cupertino--ca/
CA,Santa Clara,Cupertino,Rancho Rinconada,https://nextdoor.com/neighborhood/ranchorinconadacupertino--cupertino--ca/
CA,Santa Clara,Cupertino,Skyline,https://nextdoor.com/neighborhood/skylinecupertino--cupertino--ca/
CA,Santa Clara,Cupertino,Stelling - De Anza,https://nextdoor.com/neighborhood/stelling-deanza--cupertino--ca/
CA,Santa Clara,Cupertino,Vallco,https://nextdoor.com/neighborhood/vallco--cupertino--ca/
CA,Santa Clara,Cupertino,Wilson Park,https://nextdoor.com/neighborhood/wilsonparkcup--cupertino--ca/
CA,Santa Clara,Cupertino,Woodspring,https://nextdoor.com/neighborhood/woodspringca--cupertino--ca/
CA,Santa Clara,Milpitas,Apex Centria,https://nextdoor.com/neighborhood/apexcentriaca--milpitas--ca/
CA,Santa Clara,Milpitas,Avalon Heights South,https://nextdoor.com/neighborhood/southavalon--milpitas--ca/
CA,Santa Clara,Milpitas,Ayer Ln,https://nextdoor.com/neighborhood/ayermilpitas--milpitas--ca/
CA,Santa Clara,Milpitas,Bayview Park,https://nextdoor.com/neighborhood/bayviewpark--milpitas--ca/
CA,Santa Clara,Milpitas,Beresford,https://nextdoor.com/neighborhood/beresfordcommunity--milpitas--ca/
CA,Santa Clara,Milpitas,Calaveras,https://nextdoor.com/neighborhood/calaverasca--milpitas--ca/
CA,Santa Clara,Milpitas,California Landing Villas,https://nextdoor.com/neighborhood/californialandingvillas--milpitas--ca/
CA,Santa Clara,Milpitas,Canton Dr,https://nextdoor.com/neighborhood/cantondr--milpitas--ca/
CA,Santa Clara,Milpitas,Cardoza Park,https://nextdoor.com/neighborhood/cardozapark--milpitas--ca/
CA,Santa Clara,Milpitas,Corning Ave,https://nextdoor.com/neighborhood/corningave--milpitas--ca/
CA,Santa Clara,Milpitas,Coventry,https://nextdoor.com/neighborhood/coventrymilpitas--milpitas--ca/
CA,Santa Clara,Milpitas,Coyote Creek,https://nextdoor.com/neighborhood/coyotecreek--milpitas--ca/
CA,Santa Clara,Milpitas,Curtner Estates,https://nextdoor.com/neighborhood/curtnerestates--milpitas--ca/
CA,Santa Clara,Milpitas,Dixon Landing,https://nextdoor.com/neighborhood/dixonlanding--milpitas--ca/
CA,Santa Clara,Milpitas,Escuela Parkway,https://nextdoor.com/neighborhood/escuelaparkway--milpitas--ca/
CA,Santa Clara,Milpitas,Fountain Square,https://nextdoor.com/neighborhood/fountainsquareca--milpitas--ca/
CA,Santa Clara,Milpitas,Friendly Village,https://nextdoor.com/neighborhood/friendlyvillagemilpitas--milpitas--ca/
CA,Santa Clara,Milpitas,Great Mall,https://nextdoor.com/neighborhood/greatmall--milpitas--ca/
CA,Santa Clara,Milpitas,Hall Park,https://nextdoor.com/neighborhood/hallparkca--milpitas--ca/
CA,Santa Clara,Milpitas,Hamilton Avenue,https://nextdoor.com/neighborhood/hamiltonavemilpitasca--milpitas--ca/
CA,Santa Clara,Milpitas,Harmony,https://nextdoor.com/neighborhood/harmonyca--milpitas--ca/
CA,Santa Clara,Milpitas,Hidden Lake,https://nextdoor.com/neighborhood/hiddenlakeca--milpitas--ca/
CA,Santa Clara,Milpitas,Highland Park,https://nextdoor.com/neighborhood/highlandparkmilpitas--milpitas--ca/
CA,Santa Clara,Milpitas,Hillcrest Terrace,https://nextdoor.com/neighborhood/hillcrestterrace--milpitas--ca/
CA,Santa Clara,Milpitas,Hillcrest Villas,https://nextdoor.com/neighborhood/hilcrestvillas--milpitas--ca/
CA,Santa Clara,Milpitas,Hillview,https://nextdoor.com/neighborhood/hillviewca--milpitas--ca/
CA,Santa Clara,Milpitas,Jacklin,https://nextdoor.com/neighborhood/jacklin--milpitas--ca/
CA,Santa Clara,Milpitas,Kennedy Glen,https://nextdoor.com/neighborhood/kennedyglen--milpitas--ca/
CA,Santa Clara,Milpitas,Luna Tera Serena,https://nextdoor.com/neighborhood/lunateraserena--milpitas--ca/
CA,Santa Clara,Milpitas,Martil Way,https://nextdoor.com/neighborhood/martilway--milpitas--ca/
CA,Santa Clara,Milpitas,Mihalakis,https://nextdoor.com/neighborhood/mihalakis--milpitas--ca/
CA,Santa Clara,Milpitas,Mill Creek,https://nextdoor.com/neighborhood/millcreekca--milpitas--ca/
CA,Santa Clara,Milpitas,Milpitas,https://nextdoor.com/neighborhood/milpitas--milpitas--ca/
CA,Santa Clara,Milpitas,Montague and Mccarthy,https://nextdoor.com/neighborhood/montagueandmccarthy--milpitas--ca/
CA,Santa Clara,Milpitas,Orchid,https://nextdoor.com/neighborhood/orchid--milpitas--ca/
CA,Santa Clara,Milpitas,Pace,https://nextdoor.com/neighborhood/pacemil--milpitas--ca/
CA,Santa Clara,Milpitas,Parc Metropolitan,https://nextdoor.com/neighborhood/parcmetropolitan--milpitas--ca/
CA,Santa Clara,Milpitas,Parc Place,https://nextdoor.com/neighborhood/parcplace--milpitas--ca/
CA,Santa Clara,Milpitas,Park Victoria,https://nextdoor.com/neighborhood/parkvictoria--milpitas--ca/
CA,Santa Clara,Milpitas,Piedmont,https://nextdoor.com/neighborhood/piedmontca--milpitas--ca/
CA,Santa Clara,Milpitas,Poppy Lane Townhouses,https://nextdoor.com/neighborhood/poppylanetownhouses--milpitas--ca/
CA,Santa Clara,Milpitas,Reflections And Images,https://nextdoor.com/neighborhood/reflectionsandimages--milpitas--ca/
CA,Santa Clara,Milpitas,Sepulveda/Pedro Loop,https://nextdoor.com/neighborhood/sepulveda-pedro--milpitas--ca/
CA,Santa Clara,Milpitas,Shapell Hillcrest,https://nextdoor.com/neighborhood/shapellhillcrest--milpitas--ca/
CA,Santa Clara,Milpitas,Sinnott Loop,https://nextdoor.com/neighborhood/sinnottloop--milpitas--ca/
CA,Santa Clara,Milpitas,Snell,https://nextdoor.com/neighborhood/snellmilpitas--milpitas--ca/
CA,Santa Clara,Milpitas,Spring Valley Ln,https://nextdoor.com/neighborhood/springvalleyln--milpitas--ca/
CA,Santa Clara,Milpitas,Starlite Pines,https://nextdoor.com/neighborhood/starlitepines--milpitas--ca/
CA,Santa Clara,Milpitas,Stonegate & French Court,https://nextdoor.com/neighborhood/stonegatefrenchcourt--milpitas--ca/
CA,Santa Clara,Milpitas,Sundrop Circle,https://nextdoor.com/neighborhood/sundropcircle--milpitas--ca/
CA,Santa Clara,Milpitas,Sunnyhills,https://nextdoor.com/neighborhood/sunnyhillsmilpitas--milpitas--ca/
CA,Santa Clara,Milpitas,Terra Serena,https://nextdoor.com/neighborhood/terraserena--milpitas--ca/
CA,Santa Clara,Milpitas,Traditions-Contempo,https://nextdoor.com/neighborhood/traditionscontempo--milpitas--ca/
CA,Santa Clara,Los Gatos,Belwood-Belgatos,https://nextdoor.com/neighborhood/belwood-belgatos--los-gatos--ca/
CA,Santa Clara,Los Gatos,Big Redwood Park,https://nextdoor.com/neighborhood/bigredwoodpark--los-gatos--ca/
CA,Santa Clara,Los Gatos,Blossom Manor,https://nextdoor.com/neighborhood/blossommanor--los-gatos--ca/
CA,Santa Clara,Los Gatos,Brush Road,https://nextdoor.com/neighborhood/brushroad--los-gatos--ca/
CA,Santa Clara,Los Gatos,Chemeketa Park,https://nextdoor.com/neighborhood/chemeketapark--los-gatos--ca/
CA,Santa Clara,Los Gatos,Cordova Woods,https://nextdoor.com/neighborhood/cordovawoods--los-gatos--ca/
CA,Santa Clara,Los Gatos,Espana Oaks,https://nextdoor.com/neighborhood/espanaoaks--los-gatos--ca/
CA,Santa Clara,Los Gatos,Kennedy North,https://nextdoor.com/neighborhood/kennedynorth--los-gatos--ca/
CA,Santa Clara,Los Gatos,Knowles,https://nextdoor.com/neighborhood/knowleslg--los-gatos--ca/
CA,Santa Clara,Los Gatos,Lake Canyon,https://nextdoor.com/neighborhood/lakecanyon--los-gatos--ca/
CA,Santa Clara,Los Gatos,Las Cumbres,https://nextdoor.com/neighborhood/lascumbres--los-gatos--ca/
CA,Santa Clara,Los Gatos,Lexington Hills,https://nextdoor.com/neighborhood/lexingtonhills--los-gatos--ca/
CA,Santa Clara,Los Gatos,LG Mountains Clara/Cruz Co,https://nextdoor.com/neighborhood/lgmountainsclaracruzco--los-gatos--ca/
CA,Santa Clara,Los Gatos,Live Oak Manor,https://nextdoor.com/neighborhood/losgatosliveoak--los-gatos--ca/
CA,Santa Clara,Los Gatos,Loma Chiquita,https://nextdoor.com/neighborhood/lomachiquita--los-gatos--ca/
CA,Santa Clara,Los Gatos,Montevina Road,https://nextdoor.com/neighborhood/montevinaroad--los-gatos--ca/
CA,Santa Clara,Los Gatos,Montgomery Highlands,https://nextdoor.com/neighborhood/montgomeryhighlands--los-gatos--ca/
CA,Santa Clara,Los Gatos,National & LG Almaden Rd,https://nextdoor.com/neighborhood/nationallgalmadenrd--los-gatos--ca/
CA,Santa Clara,Los Gatos,North Los Gatos,https://nextdoor.com/neighborhood/northlosgatos--los-gatos--ca/
CA,Santa Clara,Los Gatos,Oakmont,https://nextdoor.com/neighborhood/oakmont--los-gatos--ca/
CA,Santa Clara,Los Gatos,Oka,https://nextdoor.com/neighborhood/oka--los-gatos--ca/
CA,Santa Clara,Los Gatos,Raineri,https://nextdoor.com/neighborhood/raineri--los-gatos--ca/
CA,Santa Clara,Los Gatos,Rinconada,https://nextdoor.com/neighborhood/rinconada--los-gatos--ca/
CA,Santa Clara,Los Gatos,Santa Cruz Ridge,https://nextdoor.com/neighborhood/santacruzridge--los-gatos--ca/
CA,Santa Clara,Los Gatos,Saratoga Gap,https://nextdoor.com/neighborhood/saratogagap--los-gatos--ca/
CA,Santa Clara,Los Gatos,Skyline Black and Gist,https://nextdoor.com/neighborhood/skylineblackandgist--los-gatos--ca/
CA,Santa Clara,Los Gatos,Soda Springs Canyon,https://nextdoor.com/neighborhood/sodaspringscanyon-losgatos--los-gatos--ca/
CA,Santa Clara,Los Gatos,Soquel-San Jose Road,https://nextdoor.com/neighborhood/soquel-sanjoseroad--los-gatos--ca/
CA,Santa Clara,Los Gatos,Summit,https://nextdoor.com/neighborhood/summit--los-gatos--ca/
CA,Santa Clara,Los Gatos,Surrey Farms,https://nextdoor.com/neighborhood/surreyfarms--los-gatos--ca/
CA,Santa Clara,Los Gatos,Vasona,https://nextdoor.com/neighborhood/vasona--los-gatos--ca/
CA,Santa Clara,Los Gatos,Vista,https://nextdoor.com/neighborhood/vistalosgatos--los-gatos--ca/
CA,Santa Clara,Los Gatos,Zayante,https://nextdoor.com/neighborhood/zayanteca--los-gatos--ca/
CA,Santa Clara,Gilroy,1st St.,https://nextdoor.com/neighborhood/1stst--gilroy--ca/
CA,Santa Clara,Gilroy,3rd Street,https://nextdoor.com/neighborhood/3rdstreetgilroy--gilroy--ca/
CA,Santa Clara,Gilroy,Carriage Hills,https://nextdoor.com/neighborhood/carriagehillsca--gilroy--ca/
CA,Santa Clara,Gilroy,Christopher,https://nextdoor.com/neighborhood/christopherca--gilroy--ca/
CA,Santa Clara,Gilroy,Country Estates of Gilroy,https://nextdoor.com/neighborhood/countryestatesofgilroy--gilroy--ca/
CA,Santa Clara,Gilroy,Crestwood,https://nextdoor.com/neighborhood/crestwoodmanorca--gilroy--ca/
CA,Santa Clara,Gilroy,Day Rd West,https://nextdoor.com/neighborhood/dayrdwest--gilroy--ca/
CA,Santa Clara,Gilroy,Denio,https://nextdoor.com/neighborhood/denio--gilroy--ca/
CA,Santa Clara,Gilroy,Eagle Ridge South,https://nextdoor.com/neighborhood/ersouth--gilroy--ca/
CA,Santa Clara,Gilroy,Eldorado Dr,https://nextdoor.com/neighborhood/eldoradodr--gilroy--ca/
CA,Santa Clara,Gilroy,El Matador,https://nextdoor.com/neighborhood/elmatadorca--gilroy--ca/
CA,Santa Clara,Gilroy,Garlic Farm,https://nextdoor.com/neighborhood/garlicfarm--gilroy--ca/
CA,Santa Clara,Gilroy,Gilroy Downtown,https://nextdoor.com/neighborhood/gilroydowntown--gilroy--ca/
CA,Santa Clara,Gilroy,Glen Loma Ranch,https://nextdoor.com/neighborhood/glenlomaranch--gilroy--ca/
CA,Santa Clara,Gilroy,Godfrey,https://nextdoor.com/neighborhood/godfrey--gilroy--ca/
CA,Santa Clara,Gilroy,Gurries Dr,https://nextdoor.com/neighborhood/gurriesdr--gilroy--ca/
CA,Santa Clara,Gilroy,Harvest Park,https://nextdoor.com/neighborhood/harvestparkca1--gilroy--ca/
CA,Santa Clara,Gilroy,Hecker Pass,https://nextdoor.com/neighborhood/heckerpass--gilroy--ca/
CA,Santa Clara,Gilroy,Hidden Glen,https://nextdoor.com/neighborhood/hiddenglengilroy--gilroy--ca/
CA,Santa Clara,Gilroy,Holloway,https://nextdoor.com/neighborhood/holloway--gilroy--ca/
CA,Santa Clara,Gilroy,Holsclaw,https://nextdoor.com/neighborhood/holsclaw--gilroy--ca/
CA,Santa Clara,Gilroy,Las Animas,https://nextdoor.com/neighborhood/lasanimas--gilroy--ca/
CA,Santa Clara,Gilroy,Long Meadow,https://nextdoor.com/neighborhood/longmeadowca--gilroy--ca/
CA,Santa Clara,Gilroy,Luchessa,https://nextdoor.com/neighborhood/luchessa--gilroy--ca/
CA,Santa Clara,Gilroy,Luigi,https://nextdoor.com/neighborhood/luigi--gilroy--ca/
CA,Santa Clara,Gilroy,Maplewood Lane,https://nextdoor.com/neighborhood/maplewoodlane--gilroy--ca/
CA,Santa Clara,Gilroy,Mesa Ranch,https://nextdoor.com/neighborhood/mesaranch--gilroy--ca/
CA,Santa Clara,Gilroy,Mesa Ridge of Gilroy,https://nextdoor.com/neighborhood/mesaridgegilroy--gilroy--ca/
CA,Santa Clara,Gilroy,Miller Avenue South,https://nextdoor.com/neighborhood/milleravenuesouth--gilroy--ca/
CA,Santa Clara,Gilroy,MOHWST,https://nextdoor.com/neighborhood/mohwst--gilroy--ca/
CA,Santa Clara,Gilroy,Montebello Ridge,https://nextdoor.com/neighborhood/montebelloridge--gilroy--ca/
CA,Santa Clara,Gilroy,Monterey Manor,https://nextdoor.com/neighborhood/montereymanor--gilroy--ca/
CA,Santa Clara,Gilroy,New Avenue,https://nextdoor.com/neighborhood/newavenue--gilroy--ca/
CA,Santa Clara,Gilroy,North Murray Com.,https://nextdoor.com/neighborhood/northmurraycom--gilroy--ca/
CA,Santa Clara,Gilroy,Old Gilroy,https://nextdoor.com/neighborhood/oldgilroy--gilroy--ca/
CA,Santa Clara,Gilroy,Orchard to Princeton,https://nextdoor.com/neighborhood/orchardtoprinceton--gilroy--ca/
CA,Santa Clara,Gilroy,Outlet,https://nextdoor.com/neighborhood/outlet--gilroy--ca/
CA,Santa Clara,Gilroy,Pacheco Pass 152,https://nextdoor.com/neighborhood/pachecopass152--gilroy--ca/
CA,Santa Clara,Gilroy,Princevalle,https://nextdoor.com/neighborhood/princevalle--gilroy--ca/
CA,Santa Clara,Gilroy,Redwood Retreat Rd,https://nextdoor.com/neighborhood/redwoodretreatrd--gilroy--ca/
CA,Santa Clara,Gilroy,Renz Park,https://nextdoor.com/neighborhood/renzpark--gilroy--ca/
CA,Santa Clara,Gilroy,Santa Barbara Wren,https://nextdoor.com/neighborhood/santabarbarawren--gilroy--ca/
CA,Santa Clara,Gilroy,San Ysidro/ East Gilroy,https://nextdoor.com/neighborhood/sanysidroeastgilroy--gilroy--ca/
CA,Santa Clara,Gilroy,Saratoga Place,https://nextdoor.com/neighborhood/saratogaplaceca--gilroy--ca/
CA,Santa Clara,Gilroy,SE of 1st and Santa Teresa,https://nextdoor.com/neighborhood/seof1standsantateresa--gilroy--ca/
CA,Santa Clara,Gilroy,Sobrato,https://nextdoor.com/neighborhood/sobrato--gilroy--ca/
CA,Santa Clara,Gilroy,South of Tenth Street,https://nextdoor.com/neighborhood/southoftenthst--gilroy--ca/
CA,Santa Clara,Gilroy,Sunrise Park,https://nextdoor.com/neighborhood/sunrisepark--gilroy--ca/
CA,Santa Clara,Gilroy,The Whitehurst Zone,https://nextdoor.com/neighborhood/thewhitehurstzone--gilroy--ca/
CA,Santa Clara,Gilroy,Thomas Road,https://nextdoor.com/neighborhood/thomasroadswgilroy--gilroy--ca/
CA,Santa Clara,Gilroy,Upper Mantelli,https://nextdoor.com/neighborhood/uppermantelli--gilroy--ca/
CA,Santa Clara,Gilroy,Village,https://nextdoor.com/neighborhood/villagegilroy--gilroy--ca/
CA,Santa Clara,Gilroy,Vineyard Valley,https://nextdoor.com/neighborhood/vineyardvalley--gilroy--ca/
CA,Santa Clara,Gilroy,Wren/ Wayland/ Welburn,https://nextdoor.com/neighborhood/wrenwaylandwelburn--gilroy--ca/
CA,Santa Clara,Morgan Hill,Barrett,https://nextdoor.com/neighborhood/barrettca--morgan-hill--ca/
CA,Santa Clara,Morgan Hill,Borello Ranch,https://nextdoor.com/neighborhood/borelloranch--morgan-hill--ca/
CA,Santa Clara,Morgan Hill,Butterfield Station,https://nextdoor.com/neighborhood/butterfieldstation--morgan-hill--ca/
CA,Santa Clara,Morgan Hill,Capriano,https://nextdoor.com/neighborhood/capriano--morgan-hill--ca/
CA,Santa Clara,Morgan Hill,Carriage Dr,https://nextdoor.com/neighborhood/carriagedrca--morgan-hill--ca/
CA,Santa Clara,Morgan Hill,Coyote Creek,https://nextdoor.com/neighborhood/coyote-creek--morgan-hill--ca/
CA,Santa Clara,Morgan Hill,El Toro,https://nextdoor.com/neighborhood/eltoro--morgan-hill--ca/
CA,Santa Clara,Morgan Hill,Holiday Lake,https://nextdoor.com/neighborhood/holidaylake--morgan-hill--ca/
CA,Santa Clara,Morgan Hill,Jackson Meadows,https://nextdoor.com/neighborhood/jackson-meadows--morgan-hill--ca/
CA,Santa Clara,Morgan Hill,Jackson Oaks,https://nextdoor.com/neighborhood/jacksonoaksca--morgan-hill--ca/
CA,Santa Clara,Morgan Hill,Llagas,https://nextdoor.com/neighborhood/llagas--morgan-hill--ca/
CA,Santa Clara,Morgan Hill,Mirasol,https://nextdoor.com/neighborhood/mirasolmh--morgan-hill--ca/
CA,Santa Clara,Morgan Hill,Morgan Hill,https://nextdoor.com/neighborhood/morganhillmorganhill--morgan-hill--ca/
CA,Santa Clara,Morgan Hill,Nordstrom,https://nextdoor.com/neighborhood/nordstromca--morgan-hill--ca/
CA,Santa Clara,Morgan Hill,Paradise,https://nextdoor.com/neighborhood/paradise--morgan-hill--ca/
CA,Santa Clara,Morgan Hill,Sherimar Ranch,https://nextdoor.com/neighborhood/sherimarranch--morgan-hill--ca/
CA,Santa Clara,Morgan Hill,South Coyote Valley,https://nextdoor.com/neighborhood/southcoyotevalley--morgan-hill--ca/
CA,Santa Clara,Morgan Hill,Spring,https://nextdoor.com/neighborhood/spring--morgan-hill--ca/
CA,Santa Clara,Morgan Hill,Stonegate,https://nextdoor.com/neighborhood/stonegatemorganhill--morgan-hill--ca/
CA,Santa Clara,Morgan Hill,Sycamore Drive,https://nextdoor.com/neighborhood/sycamoredrive--morgan-hill--ca/
CA,Santa Clara,Morgan Hill,Uvas Road,https://nextdoor.com/neighborhood/uvasrd--morgan-hill--ca/
CA,Santa Clara,Morgan Hill,Woodland Acres,https://nextdoor.com/neighborhood/woodlandacres--morgan-hill--ca/
CA,Santa Clara,Campbell,Apricot Avenue,https://nextdoor.com/neighborhood/apricotavenue--campbell--ca/
CA,Santa Clara,Campbell,Avalon,https://nextdoor.com/neighborhood/avaloncampbell--campbell--ca/
CA,Santa Clara,Campbell,Bon Park,https://nextdoor.com/neighborhood/bonpark--campbell--ca/
CA,Santa Clara,Campbell,Campbell Community Center,https://nextdoor.com/neighborhood/cccng--campbell--ca/
CA,Santa Clara,Campbell,Campbell Shamrock,https://nextdoor.com/neighborhood/campbellshamrock--campbell--ca/
CA,Santa Clara,Campbell,Dell Ave,https://nextdoor.com/neighborhood/dellave--campbell--ca/
CA,Santa Clara,Campbell,Downtown Campbell,https://nextdoor.com/neighborhood/downtowncampbell--campbell--ca/
CA,Santa Clara,Campbell,Dry Creek,https://nextdoor.com/neighborhood/drycreek--campbell--ca/
CA,Santa Clara,Campbell,Hacienda,https://nextdoor.com/neighborhood/haciendacampbell--campbell--ca/
CA,Santa Clara,Campbell,Hamann Park,https://nextdoor.com/neighborhood/hamannpark--campbell--ca/
CA,Santa Clara,Campbell,Hazelwood,https://nextdoor.com/neighborhood/hazelwood--campbell--ca/
CA,Santa Clara,Campbell,McGlincy,https://nextdoor.com/neighborhood/mcglincy--campbell--ca/
CA,Santa Clara,Campbell,Morgan Park,https://nextdoor.com/neighborhood/morganpark--campbell--ca/
CA,Santa Clara,Campbell,Newport Apartments,https://nextdoor.com/neighborhood/newportapartments--campbell--ca/
CA,Santa Clara,Campbell,Pollard Road,https://nextdoor.com/neighborhood/pollardroadhoa--campbell--ca/
CA,Santa Clara,Campbell,Pruneridge Plaza,https://nextdoor.com/neighborhood/pruneridgeplaza--campbell--ca/
CA,Santa Clara,Campbell,Pruneyard,https://nextdoor.com/neighborhood/pruneyard--campbell--ca/
CA,Santa Clara,Campbell,Rolling Hills,https://nextdoor.com/neighborhood/rollinghillscampbell--campbell--ca/
CA,Santa Clara,Campbell,San Tomas,https://nextdoor.com/neighborhood/santomascampbell--campbell--ca/
CA,Santa Clara,Campbell,Sheffield Phantom,https://nextdoor.com/neighborhood/sheffieldphantom--campbell--ca/
CA,Santa Clara,Campbell,Timber Cove,https://nextdoor.com/neighborhood/timbercove--campbell--ca/
CA,Santa Clara,Campbell,Union Ave,https://nextdoor.com/neighborhood/unionave--campbell--ca/
CA,Santa Clara,Campbell,Vizcaya,https://nextdoor.com/neighborhood/vizcaya--campbell--ca/
CA,Santa Clara,Campbell,Westchester Park,https://nextdoor.com/neighborhood/westchesterpark--campbell--ca/
CA,Santa Clara,Campbell,White Oaks,https://nextdoor.com/neighborhood/whiteoaks--campbell--ca/
CA,Santa Clara,Los Altos,Almond-Edith-Jardin,https://nextdoor.com/neighborhood/almondedithjardin--los-altos--ca/
CA,Santa Clara,Los Altos,Cambridge Square Loop,https://nextdoor.com/neighborhood/cambridgesquareloop--los-altos--ca/
CA,Santa Clara,Los Altos,Covington,https://nextdoor.com/neighborhood/covington--los-altos--ca/
CA,Santa Clara,Los Altos,Egan,https://nextdoor.com/neighborhood/egan--los-altos--ca/
CA,Santa Clara,Los Altos,Foothill/Main,https://nextdoor.com/neighborhood/foothillmain--los-altos--ca/
CA,Santa Clara,Los Altos,Grant Park,https://nextdoor.com/neighborhood/grantpark--los-altos--ca/
CA,Santa Clara,Los Altos,Heritage Oaks Park,https://nextdoor.com/neighborhood/theheritageoaksparkneighborhood--los-altos--ca/
CA,Santa Clara,Los Altos,Hillview,https://nextdoor.com/neighborhood/hillviewneighbors--los-altos--ca/
CA,Santa Clara,Los Altos,Loyola Corners,https://nextdoor.com/neighborhood/loyolacornerslosaltos--los-altos--ca/
CA,Santa Clara,Los Altos,Marvin/Pepper,https://nextdoor.com/neighborhood/marvinpepper--los-altos--ca/
CA,Santa Clara,Los Altos,Middlebury/Edith/Cypress,https://nextdoor.com/neighborhood/middl--los-altos--ca/
CA,Santa Clara,Los Altos,Montabello Acres,https://nextdoor.com/neighborhood/montabelloacres--los-altos--ca/
CA,Santa Clara,Los Altos,North Los Altos,https://nextdoor.com/neighborhood/northlosaltos--los-altos--ca/
CA,Santa Clara,Los Altos,North Village,https://nextdoor.com/neighborhood/northvillageca--los-altos--ca/
CA,Santa Clara,Los Altos,Oak-Fremont,https://nextdoor.com/neighborhood/losaltosoak-fremont--los-altos--ca/
CA,Santa Clara,Los Altos,Peninsula Real,https://nextdoor.com/neighborhood/peninsulareal--los-altos--ca/
CA,Santa Clara,Los Altos,Portola-Dixon-VanBuren-Laverne,https://nextdoor.com/neighborhood/portolavanburen--los-altos--ca/
CA,Santa Clara,Los Altos,Santa Rita,https://nextdoor.com/neighborhood/santaritaneighbors--los-altos--ca/
CA,Santa Clara,Los Altos,South Clark,https://nextdoor.com/neighborhood/southclark--los-altos--ca/
CA,Santa Clara,Los Altos,South Triangle,https://nextdoor.com/neighborhood/southtriangle--los-altos--ca/
CA,Santa Clara,Los Altos,Spring - Berry,https://nextdoor.com/neighborhood/spring-cov-mir-berry--los-altos--ca/
CA,Santa Clara,Los Altos,Springwood,https://nextdoor.com/neighborhood/springwoodca--los-altos--ca/
CA,Santa Clara,Los Altos,Sunshine,https://nextdoor.com/neighborhood/sunshinelosaltos--los-altos--ca/
CA,Santa Clara,Los Altos,University/Madonna,https://nextdoor.com/neighborhood/universitymadonna--los-altos--ca/
CA,Santa Clara,Los Altos,Woodland Acres  -  The Highlands,https://nextdoor.com/neighborhood/woodlandacresthehighlands--los-altos--ca/
CA,Santa Clara,Saratoga,4th Street,https://nextdoor.com/neighborhood/4thstreetsaratoga--saratoga--ca/
CA,Santa Clara,Saratoga,Arroyo De Arguello,https://nextdoor.com/neighborhood/arroyodearguello--saratoga--ca/
CA,Santa Clara,Saratoga,Bellgrove,https://nextdoor.com/neighborhood/bellgrove--saratoga--ca/
CA,Santa Clara,Saratoga,Blossom View of Saratoga,https://nextdoor.com/neighborhood/blossomviewsaratoga--saratoga--ca/
CA,Santa Clara,Saratoga,Brookglen North,https://nextdoor.com/neighborhood/brookglennorth--saratoga--ca/
CA,Santa Clara,Saratoga,Brookview,https://nextdoor.com/neighborhood/brookviewhoa--saratoga--ca/
CA,Santa Clara,Saratoga,De Havilland Circle,https://nextdoor.com/neighborhood/dehavillandcircle--saratoga--ca/
CA,Santa Clara,Saratoga,El Quito,https://nextdoor.com/neighborhood/elquito--saratoga--ca/
CA,Santa Clara,Saratoga,Foothill,https://nextdoor.com/neighborhood/foothillsaratoga--saratoga--ca/
CA,Santa Clara,Saratoga,Gardiner Park,https://nextdoor.com/neighborhood/gardinerpark--saratoga--ca/
CA,Santa Clara,Saratoga,Greenbrier,https://nextdoor.com/neighborhood/greenbriersaratoga--saratoga--ca/
CA,Santa Clara,Saratoga,Horseshoe Drive Adjacent,https://nextdoor.com/neighborhood/horseshoedriveadjacent--saratoga--ca/
CA,Santa Clara,Saratoga,Montalvo,https://nextdoor.com/neighborhood/montalvo--saratoga--ca/
CA,Santa Clara,Saratoga,Mt Eden Road,https://nextdoor.com/neighborhood/mtedenroad--saratoga--ca/
CA,Santa Clara,Saratoga,Old Oak,https://nextdoor.com/neighborhood/oldak--saratoga--ca/
CA,Santa Clara,Saratoga,Parker Ranch,https://nextdoor.com/neighborhood/parkerranchhoa--saratoga--ca/
CA,Santa Clara,Saratoga,Prides Crossing,https://nextdoor.com/neighborhood/pridescrossingsaratoga--saratoga--ca/
CA,Santa Clara,Saratoga,Saratoga Heights,https://nextdoor.com/neighborhood/saratogaheightsca--saratoga--ca/
CA,Santa Clara,Saratoga,Saratoga High,https://nextdoor.com/neighborhood/saratogahigh--saratoga--ca/
CA,Santa Clara,Saratoga,Saratoga Hills,https://nextdoor.com/neighborhood/saratogahillsca--saratoga--ca/
CA,Santa Clara,Saratoga,Saratoga Oaks,https://nextdoor.com/neighborhood/saratogaoakshoa--saratoga--ca/
CA,Santa Clara,Saratoga,Saratoga Parkside,https://nextdoor.com/neighborhood/saratogaparkside--saratoga--ca/
CA,Santa Clara,Saratoga,Saratoga Sunnyvale,https://nextdoor.com/neighborhood/saratogasunnyvale--saratoga--ca/
CA,Santa Clara,Saratoga,Saratoga Village,https://nextdoor.com/neighborhood/saratogavillage--saratoga--ca/
CA,Santa Clara,Saratoga,Saratoga Woods,https://nextdoor.com/neighborhood/saratogawoods--saratoga--ca/
CA,Santa Clara,Saratoga,Shadow Oaks,https://nextdoor.com/neighborhood/shadowoakssaratoga--saratoga--ca/
CA,Santa Clara,Saratoga,Upper & Middle Bohlman Road,https://nextdoor.com/neighborhood/uppermiddlebohlmanroad--saratoga--ca/
CA,Santa Clara,Saratoga,Village Green,https://nextdoor.com/neighborhood/villagegreensca--saratoga--ca/
CA,Santa Clara,Saratoga,Vineyards of Saratoga,https://nextdoor.com/neighborhood/vineyardsofsaratoga--saratoga--ca/
CA,Santa Clara,Saratoga,West Valley,https://nextdoor.com/neighborhood/westvalley--saratoga--ca/
CA,Santa Clara,Stanford,Stanford Campus,https://nextdoor.com/neighborhood/stanfordcampus--stanford--ca/
CA,Santa Clara,Los Altos Hills,Aric Weston-Zone 32,https://nextdoor.com/neighborhood/aricwestonzone32--los-altos-hills--ca/
CA,Santa Clara,Los Altos Hills,Border Hill Rd-Zone 45,https://nextdoor.com/neighborhood/lahcfdz45--los-altos-hills--ca/
CA,Santa Clara,Los Altos Hills,Country Club-Zone 36,https://nextdoor.com/neighborhood/lahcfdz36--los-altos-hills--ca/
CA,Santa Clara,Los Altos Hills,Country Club-Zone 39,https://nextdoor.com/neighborhood/lahcfdz39--los-altos-hills--ca/
CA,Santa Clara,Los Altos Hills,Country Club-Zone 42,https://nextdoor.com/neighborhood/lahcfdz42--los-altos-hills--ca/
CA,Santa Clara,Los Altos Hills,LAH Saddle Mountain-Zone 2,https://nextdoor.com/neighborhood/lahsaddlemountainz2--los-altos-hills--ca/
CA,Santa Clara,Los Altos Hills,Los Altos Hills Town Hall Circle,https://nextdoor.com/neighborhood/losaltoshillstownhallcircle--los-altos-hills--ca/
CA,Santa Clara,Los Altos Hills,Los Altos Hills-Zone 10,https://nextdoor.com/neighborhood/lahcfdz10--los-altos-hills--ca/
CA,Santa Clara,Los Altos Hills,Los Altos Hills-Zone 11,https://nextdoor.com/neighborhood/lahcfdz11--los-altos-hills--ca/
CA,Santa Clara,Los Altos Hills,Los Altos Hills-Zone 12,https://nextdoor.com/neighborhood/lahcfdz12--los-altos-hills--ca/
CA,Santa Clara,Los Altos Hills,Los Altos Hills-Zone 13,https://nextdoor.com/neighborhood/lahcfdz13--los-altos-hills--ca/
CA,Santa Clara,Los Altos Hills,Los Altos Hills-Zone 14,https://nextdoor.com/neighborhood/lahcfdz14--los-altos-hills--ca/
CA,Santa Clara,Los Altos Hills,Los Altos Hills-Zone 15,https://nextdoor.com/neighborhood/lahcfdz15--los-altos-hills--ca/
CA,Santa Clara,Los Altos Hills,Los Altos Hills-Zone 16,https://nextdoor.com/neighborhood/lahcfdz16--los-altos-hills--ca/
CA,Santa Clara,Los Altos Hills,Los Altos Hills-Zone 17,https://nextdoor.com/neighborhood/lahcfdz17--los-altos-hills--ca/
CA,Santa Clara,Los Altos Hills,Los Altos Hills-Zone 18,https://nextdoor.com/neighborhood/lahcfdz18--los-altos-hills--ca/
CA,Santa Clara,Los Altos Hills,Los Altos Hills-Zone 19,https://nextdoor.com/neighborhood/lahcfdz19--los-altos-hills--ca/
CA,Santa Clara,Los Altos Hills,Los Altos Hills-Zone 21,https://nextdoor.com/neighborhood/lahcfdz21--los-altos-hills--ca/
CA,Santa Clara,Los Altos Hills,Los Altos Hills-Zone 22,https://nextdoor.com/neighborhood/lahcfdz22--los-altos-hills--ca/
CA,Santa Clara,Los Altos Hills,Los Altos Hills-Zone 24,https://nextdoor.com/neighborhood/lahcfdz24--los-altos-hills--ca/
CA,Santa Clara,Los Altos Hills,Los Altos Hills-Zone 3,https://nextdoor.com/neighborhood/lahcfdz3--los-altos-hills--ca/
CA,Santa Clara,Los Altos Hills,Los Altos Hills-Zone 4,https://nextdoor.com/neighborhood/lahcfdz4--los-altos-hills--ca/
CA,Santa Clara,Los Altos Hills,Los Altos Hills-Zone 5,https://nextdoor.com/neighborhood/lahcfdz5--los-altos-hills--ca/
CA,Santa Clara,Los Altos Hills,Los Altos Hills-Zone 6,https://nextdoor.com/neighborhood/lahcfdz6--los-altos-hills--ca/
CA,Santa Clara,Los Altos Hills,Los Altos Hills-Zone 7,https://nextdoor.com/neighborhood/lahcfdz7--los-altos-hills--ca/
CA,Santa Clara,Los Altos Hills,Los Altos Hills-Zone 8,https://nextdoor.com/neighborhood/lahcfdz8--los-altos-hills--ca/
CA,Santa Clara,Los Altos Hills,Los Altos Hills-Zone 9,https://nextdoor.com/neighborhood/lahcfdz9--los-altos-hills--ca/
CA,Santa Clara,Los Altos Hills,Los Altos Hills-Zones 20 & 56,https://nextdoor.com/neighborhood/lahcfdz2056--los-altos-hills--ca/
CA,Santa Clara,Los Altos Hills,Loyola/Country Club-Zone 37,https://nextdoor.com/neighborhood/lahcfdz37--los-altos-hills--ca/
CA,Santa Clara,Los Altos Hills,Loyola/Country Club-Zone 38,https://nextdoor.com/neighborhood/lahcfdz38--los-altos-hills--ca/
CA,Santa Clara,Los Altos Hills,Loyola/Country Club-Zone 40,https://nextdoor.com/neighborhood/lahcfdz40--los-altos-hills--ca/
CA,Santa Clara,Los Altos Hills,Loyola/Country Club-Zone 41,https://nextdoor.com/neighborhood/lahcfdz41--los-altos-hills--ca/
CA,Santa Clara,Los Altos Hills,Loyola/Country Club-Zone 43,https://nextdoor.com/neighborhood/lahcfdz43--los-altos-hills--ca/
CA,Santa Clara,Los Altos Hills,Magdalena/Summerhill,https://nextdoor.com/neighborhood/magdalenasummerhill--los-altos-hills--ca/
CA,Santa Clara,Los Altos Hills,Manuella-Miranda/Zones 33-34,https://nextdoor.com/neighborhood/lahcfdz33-34--los-altos-hills--ca/
CA,Santa Clara,Los Altos Hills,Page Mill Estates-Zone 1,https://nextdoor.com/neighborhood/pagemillestatesz1--los-altos-hills--ca/
CA,Santa Clara,Los Altos Hills,Robleda Creek - Zone 23,https://nextdoor.com/neighborhood/robledacreekzone23--los-altos-hills--ca/
CA,Santa Clara,Los Altos Hills,Robleda Creek-Zones 23/24/28,https://nextdoor.com/neighborhood/robledacreek--los-altos-hills--ca/
CA,Santa Clara,Los Altos Hills,Upper Page Mill,https://nextdoor.com/neighborhood/upperpagemill--los-altos-hills--ca/
CA,Santa Clara,Los Altos Hills,West Mora Drive/Zones 47-48,https://nextdoor.com/neighborhood/westmoradrive--los-altos-hills--ca/
CA,Santa Clara,San Martin,Hayes Valley,https://nextdoor.com/neighborhood/hayesvalley--san-martin--ca/
CA,Santa Clara,San Martin,San Martin,https://nextdoor.com/neighborhood/sanmartin--san-martin--ca/
