State,County,City,Link
CA,San Joaquin,Acampo,https://nextdoor.com/city/acampo--ca/
CA,Los Angeles,Acton,https://nextdoor.com/city/acton--ca/
CA,,Adelaide,https://nextdoor.com/city/adelaide--ca/
CA,San Bernardino,Adelanto,https://nextdoor.com/city/adelanto--ca/
CA,Modoc,Adin,https://nextdoor.com/city/adin--ca/
CA,Los Angeles,Agoura Hills,https://nextdoor.com/city/agoura-hills--ca/
CA,Los Angeles,Agua Dulce,https://nextdoor.com/city/agua-dulce--ca/
CA,Riverside,Aguanga,https://nextdoor.com/city/aguanga--ca/
CA,Madera,Ahwahnee,https://nextdoor.com/city/ahwahnee--ca/
CA,Alameda,Alameda,https://nextdoor.com/city/alameda--ca/
CA,Contra Costa,Alamo,https://nextdoor.com/city/alamo--ca/
CA,Alameda,Albany,https://nextdoor.com/city/albany--ca/
CA,Mendocino,Albion,https://nextdoor.com/city/albion--ca/
CA,Humboldt,Alderpoint,https://nextdoor.com/city/alderpoint--ca/
CA,Los Angeles,Alhambra,https://nextdoor.com/city/alhambra--ca/
CA,Orange,Aliso Viejo,https://nextdoor.com/city/aliso-viejo--ca/
CA,Sierra,Alleghany,https://nextdoor.com/city/alleghany--ca/
CA,Tulare,Alpaugh,https://nextdoor.com/city/alpaugh--ca/
CA,San Diego,Alpine,https://nextdoor.com/city/alpine--ca/
CA,,Alpine Meadows,https://nextdoor.com/city/alpine-meadows--ca/
CA,Placer,Alta,https://nextdoor.com/city/alta--ca/
CA,Los Angeles,Altadena,https://nextdoor.com/city/altadena--ca/
CA,Calaveras,Altaville,https://nextdoor.com/city/altaville--ca/
CA,Modoc,Alturas,https://nextdoor.com/city/alturas--ca/
CA,,Alviso,https://nextdoor.com/city/alviso--ca/
CA,San Bernardino,Amboy,https://nextdoor.com/city/amboy--ca/
CA,Napa,American Canyon,https://nextdoor.com/city/american-canyon--ca/
CA,Orange,Anaheim,https://nextdoor.com/city/anaheim--ca/
CA,Shasta,Anderson,https://nextdoor.com/city/anderson--ca/
CA,Calaveras,Angels Camp,https://nextdoor.com/city/angels-camp--ca/
CA,,Angelus Oaks,https://nextdoor.com/city/angelus-oaks--ca/
CA,Napa,Angwin,https://nextdoor.com/city/angwin--ca/
CA,,Annapolis,https://nextdoor.com/city/annapolis--ca/
CA,Sacramento,Antelope,https://nextdoor.com/city/antelope--ca/
CA,Contra Costa,Antioch,https://nextdoor.com/city/antioch--ca/
CA,Riverside,Anza,https://nextdoor.com/city/anza--ca/
CA,Placer,Applegate,https://nextdoor.com/city/applegate--ca/
CA,San Bernardino,Apple Valley,https://nextdoor.com/city/apple-valley--ca/
CA,Santa Cruz,Aptos,https://nextdoor.com/city/aptos--ca/
CA,Colusa,Arbuckle,https://nextdoor.com/city/arbuckle--ca/
CA,Los Angeles,Arcadia,https://nextdoor.com/city/arcadia--ca/
CA,Humboldt,Arcata,https://nextdoor.com/city/arcata--ca/
CA,,Arden Arcade,https://nextdoor.com/city/arden-arcade--ca/
CA,,Arleta,https://nextdoor.com/city/arleta--ca/
CA,Kings,Armona,https://nextdoor.com/city/armona--ca/
CA,Calaveras,Arnold,https://nextdoor.com/city/arnold--ca/
CA,San Benito,Aromas,https://nextdoor.com/city/aromas--ca/
CA,San Luis Obispo,Arroyo Grande,https://nextdoor.com/city/arroyo-grande--ca/
CA,Los Angeles,Artesia,https://nextdoor.com/city/artesia--ca/
CA,Kern,Arvin,https://nextdoor.com/city/arvin--ca/
CA,San Luis Obispo,Atascadero,https://nextdoor.com/city/atascadero--ca/
CA,San Mateo,Atherton,https://nextdoor.com/city/atherton--ca/
CA,Merced,Atwater,https://nextdoor.com/city/atwater--ca/
CA,Fresno,Auberry,https://nextdoor.com/city/auberry--ca/
CA,Placer,Auburn,https://nextdoor.com/city/auburn--ca/
CA,Los Angeles,Avalon,https://nextdoor.com/city/avalon--ca/
CA,Kings,Avenal,https://nextdoor.com/city/avenal--ca/
CA,San Luis Obispo,Avila Beach,https://nextdoor.com/city/avila-beach--ca/
CA,Los Angeles,Azusa,https://nextdoor.com/city/azusa--ca/
CA,Tulare,Badger,https://nextdoor.com/city/badger--ca/
CA,San Bernardino,Baker,https://nextdoor.com/city/baker--ca/
CA,Kern,Bakersfield,https://nextdoor.com/city/bakersfield--ca/
CA,Los Angeles,Baldwin Park,https://nextdoor.com/city/baldwin-park--ca/
CA,Merced,Ballico,https://nextdoor.com/city/ballico--ca/
CA,Butte,Bangor,https://nextdoor.com/city/bangor--ca/
CA,Riverside,Banning,https://nextdoor.com/city/banning--ca/
CA,San Bernardino,Barstow,https://nextdoor.com/city/barstow--ca/
CA,Madera,Bass Lake,https://nextdoor.com/city/bass-lake--ca/
CA,Contra Costa,Bay Point,https://nextdoor.com/city/bay-point--ca/
CA,,Bayside,https://nextdoor.com/city/bayside--ca/
CA,,Beale Afb,https://nextdoor.com/city/beale-afb--ca/
CA,Riverside,Beaumont,https://nextdoor.com/city/beaumont--ca/
CA,Los Angeles,Bell,https://nextdoor.com/city/bell--ca/
CA,Shasta,Bella Vista,https://nextdoor.com/city/bella-vista--ca/
CA,,Bell Canyon,https://nextdoor.com/city/bell-canyon--ca/
CA,Los Angeles,Bellflower,https://nextdoor.com/city/bellflower--ca/
CA,Los Angeles,Bell Gardens,https://nextdoor.com/city/bell-gardens--ca/
CA,San Mateo,Belmont,https://nextdoor.com/city/belmont--ca/
CA,Marin,Belvedere,https://nextdoor.com/city/belvedere--ca/
CA,Solano,Benicia,https://nextdoor.com/city/benicia--ca/
CA,Santa Cruz,Ben Lomond,https://nextdoor.com/city/ben-lomond--ca/
CA,Mono,Benton,https://nextdoor.com/city/benton--ca/
CA,Madera,Berenda,https://nextdoor.com/city/berenda--ca/
CA,Alameda,Berkeley,https://nextdoor.com/city/berkeley--ca/
CA,Riverside,Bermuda Dunes,https://nextdoor.com/city/bermuda-dunes--ca/
CA,Butte,Berry Creek,https://nextdoor.com/city/berry-creek--ca/
CA,Contra Costa,Bethel Island,https://nextdoor.com/city/bethel-island--ca/
CA,Los Angeles,Beverly Hills,https://nextdoor.com/city/beverly-hills--ca/
CA,Trinity,Big Bar,https://nextdoor.com/city/big-bar--ca/
CA,San Bernardino,Big Bear City,https://nextdoor.com/city/big-bear-city--ca/
CA,San Bernardino,Big Bear Lake,https://nextdoor.com/city/big-bear-lake--ca/
CA,Butte,Biggs,https://nextdoor.com/city/biggs--ca/
CA,,Big Oak Valley,https://nextdoor.com/city/big-oak-valley--ca/
CA,Inyo,Big Pine,https://nextdoor.com/city/big-pine--ca/
CA,Monterey,Big Sur,https://nextdoor.com/city/big-sur--ca/
CA,Solano,Birds Landing,https://nextdoor.com/city/birds-landing--ca/
CA,,Birds Lndg,https://nextdoor.com/city/birds-lndg--ca/
CA,Inyo,Bishop,https://nextdoor.com/city/bishop--ca/
CA,Humboldt,Blocksburg,https://nextdoor.com/city/blocksburg--ca/
CA,San Bernardino,Bloomington,https://nextdoor.com/city/bloomington--ca/
CA,San Bernardino,Blue Jay,https://nextdoor.com/city/blue-jay--ca/
CA,Humboldt,Blue Lake,https://nextdoor.com/city/blue-lake--ca/
CA,Riverside,Blythe,https://nextdoor.com/city/blythe--ca/
CA,Sonoma,Bodega,https://nextdoor.com/city/bodega--ca/
CA,Sonoma,Bodega Bay,https://nextdoor.com/city/bodega-bay--ca/
CA,Kern,Bodfish,https://nextdoor.com/city/bodfish--ca/
CA,Marin,Bolinas,https://nextdoor.com/city/bolinas--ca/
CA,San Diego,Bonita,https://nextdoor.com/city/bonita--ca/
CA,San Diego,Bonsall,https://nextdoor.com/city/bonsall--ca/
CA,Mendocino,Boonville,https://nextdoor.com/city/boonville--ca/
CA,Kern,Boron,https://nextdoor.com/city/boron--ca/
CA,San Diego,Borrego Springs,https://nextdoor.com/city/borrego-springs--ca/
CA,Santa Cruz,Boulder Creek,https://nextdoor.com/city/boulder-creek--ca/
CA,San Diego,Boulevard,https://nextdoor.com/city/boulevard--ca/
CA,Los Angeles,Bradbury,https://nextdoor.com/city/bradbury--ca/
CA,Monterey,Bradley,https://nextdoor.com/city/bradley--ca/
CA,,Branscomb,https://nextdoor.com/city/branscomb--ca/
CA,Imperial,Brawley,https://nextdoor.com/city/brawley--ca/
CA,Orange,Brea,https://nextdoor.com/city/brea--ca/
CA,Contra Costa,Brentwood,https://nextdoor.com/city/brentwood--ca/
CA,Mono,Bridgeport,https://nextdoor.com/city/bridgeport--ca/
CA,,Bridgeville,https://nextdoor.com/city/bridgeville--ca/
CA,,Briones,https://nextdoor.com/city/briones--ca/
CA,San Mateo,Brisbane,https://nextdoor.com/city/brisbane--ca/
CA,,Broadmoor Vlg,https://nextdoor.com/city/broadmoor-vlg--ca/
CA,,Brooks,https://nextdoor.com/city/brooks--ca/
CA,,Browns Valley,https://nextdoor.com/city/browns-valley--ca/
CA,Yuba,Brownsville,https://nextdoor.com/city/brownsville--ca/
CA,Santa Barbara,Buellton,https://nextdoor.com/city/buellton--ca/
CA,Orange,Buena Park,https://nextdoor.com/city/buena-park--ca/
CA,Los Angeles,Burbank,https://nextdoor.com/city/burbank--ca/
CA,San Mateo,Burlingame,https://nextdoor.com/city/burlingame--ca/
CA,Shasta,Burney,https://nextdoor.com/city/burney--ca/
CA,Trinity,Burnt Ranch,https://nextdoor.com/city/burnt-ranch--ca/
CA,,Butte City,https://nextdoor.com/city/butte-city--ca/
CA,Kern,Buttonwillow,https://nextdoor.com/city/buttonwillow--ca/
CA,Contra Costa,Byron,https://nextdoor.com/city/byron--ca/
CA,Riverside,Cabazon,https://nextdoor.com/city/cabazon--ca/
CA,Los Angeles,Calabasas,https://nextdoor.com/city/calabasas--ca/
CA,,Calabasas Hills,https://nextdoor.com/city/calabasas-hills--ca/
CA,Imperial,Calexico,https://nextdoor.com/city/calexico--ca/
CA,Kern,Caliente,https://nextdoor.com/city/caliente--ca/
CA,Kern,California City,https://nextdoor.com/city/california-city--ca/
CA,Riverside,Calimesa,https://nextdoor.com/city/calimesa--ca/
CA,Imperial,Calipatria,https://nextdoor.com/city/calipatria--ca/
CA,Napa,Calistoga,https://nextdoor.com/city/calistoga--ca/
CA,Siskiyou,Callahan,https://nextdoor.com/city/callahan--ca/
CA,Sierra,Calpine,https://nextdoor.com/city/calpine--ca/
CA,Ventura,Camarillo,https://nextdoor.com/city/camarillo--ca/
CA,San Luis Obispo,Cambria,https://nextdoor.com/city/cambria--ca/
CA,El Dorado,Cameron Park,https://nextdoor.com/city/cameron-park--ca/
CA,El Dorado,Camino,https://nextdoor.com/city/camino--ca/
CA,Santa Clara,Campbell,https://nextdoor.com/city/campbell--ca/
CA,Tulare,Camp Nelson,https://nextdoor.com/city/camp-nelson--ca/
CA,San Diego,Campo,https://nextdoor.com/city/campo--ca/
CA,,Campo Seco,https://nextdoor.com/city/campo-seco--ca/
CA,,Camp Pendleton,https://nextdoor.com/city/camp-pendleton--ca/
CA,Yuba,Camptonville,https://nextdoor.com/city/camptonville--ca/
CA,Modoc,Canby,https://nextdoor.com/city/canby--ca/
CA,,Canoga Park,https://nextdoor.com/city/canoga-park--ca/
CA,,Cantil,https://nextdoor.com/city/cantil--ca/
CA,Fresno,Cantua Creek,https://nextdoor.com/city/cantua-creek--ca/
CA,,Canyon Country,https://nextdoor.com/city/canyon-country--ca/
CA,Riverside,Canyon Lake,https://nextdoor.com/city/canyon-lake--ca/
CA,,Capay,https://nextdoor.com/city/capay--ca/
CA,Orange,Capistrano Beach,https://nextdoor.com/city/capistrano-beach--ca/
CA,Santa Cruz,Capitola,https://nextdoor.com/city/capitola--ca/
CA,San Diego,Cardiff By The Sea,https://nextdoor.com/city/cardiff-by-the-sea--ca/
CA,,Carlotta,https://nextdoor.com/city/carlotta--ca/
CA,San Diego,Carlsbad,https://nextdoor.com/city/carlsbad--ca/
CA,,Carmel,https://nextdoor.com/city/carmel--ca/
CA,Monterey,Carmel Valley,https://nextdoor.com/city/carmel-valley--ca/
CA,Sacramento,Carmichael,https://nextdoor.com/city/carmichael--ca/
CA,Placer,Carnelian Bay,https://nextdoor.com/city/carnelian-bay--ca/
CA,Santa Barbara,Carpinteria,https://nextdoor.com/city/carpinteria--ca/
CA,Los Angeles,Carson,https://nextdoor.com/city/carson--ca/
CA,Fresno,Caruthers,https://nextdoor.com/city/caruthers--ca/
CA,Santa Barbara,Casmalia,https://nextdoor.com/city/casmalia--ca/
CA,Mendocino,Caspar,https://nextdoor.com/city/caspar--ca/
CA,Shasta,Cassel,https://nextdoor.com/city/cassel--ca/
CA,Los Angeles,Castaic,https://nextdoor.com/city/castaic--ca/
CA,Alameda,Castro Valley,https://nextdoor.com/city/castro-valley--ca/
CA,Monterey,Castroville,https://nextdoor.com/city/castroville--ca/
CA,Riverside,Cathedral City,https://nextdoor.com/city/cathedral-city--ca/
CA,Mariposa,Catheys Valley,https://nextdoor.com/city/catheys-valley--ca/
CA,San Luis Obispo,Cayucos,https://nextdoor.com/city/cayucos--ca/
CA,Sonoma,Cazadero,https://nextdoor.com/city/cazadero--ca/
CA,San Bernardino,Cedar Glen,https://nextdoor.com/city/cedar-glen--ca/
CA,San Bernardino,Cedarpines Park,https://nextdoor.com/city/cedarpines-park--ca/
CA,Modoc,Cedarville,https://nextdoor.com/city/cedarville--ca/
CA,Stanislaus,Ceres,https://nextdoor.com/city/ceres--ca/
CA,Los Angeles,Cerritos,https://nextdoor.com/city/cerritos--ca/
CA,Yuba,Challenge,https://nextdoor.com/city/challenge--ca/
CA,,Chatsworth,https://nextdoor.com/city/chatsworth--ca/
CA,Riverside,Cherry Valley,https://nextdoor.com/city/cherry-valley--ca/
CA,Butte,Chico,https://nextdoor.com/city/chico--ca/
CA,Tuolumne,Chinese Camp,https://nextdoor.com/city/chinese-camp--ca/
CA,San Bernardino,Chino,https://nextdoor.com/city/chino--ca/
CA,San Bernardino,Chino Hills,https://nextdoor.com/city/chino-hills--ca/
CA,Madera,Chowchilla,https://nextdoor.com/city/chowchilla--ca/
CA,Monterey,Chualar,https://nextdoor.com/city/chualar--ca/
CA,San Diego,Chula Vista,https://nextdoor.com/city/chula-vista--ca/
CA,Sacramento,Citrus Heights,https://nextdoor.com/city/citrus-heights--ca/
CA,Los Angeles,City Of Industry,https://nextdoor.com/city/city-of-industry--ca/
CA,Los Angeles,Claremont,https://nextdoor.com/city/claremont--ca/
CA,Yolo,Clarksburg,https://nextdoor.com/city/clarksburg--ca/
CA,Contra Costa,Clayton,https://nextdoor.com/city/clayton--ca/
CA,Lake,Clearlake,https://nextdoor.com/city/clearlake--ca/
CA,Lake,Clearlake Oaks,https://nextdoor.com/city/clearlake-oaks--ca/
CA,Sonoma,Cloverdale,https://nextdoor.com/city/cloverdale--ca/
CA,Fresno,Clovis,https://nextdoor.com/city/clovis--ca/
CA,Riverside,Coachella,https://nextdoor.com/city/coachella--ca/
CA,Fresno,Coalinga,https://nextdoor.com/city/coalinga--ca/
CA,Madera,Coarsegold,https://nextdoor.com/city/coarsegold--ca/
CA,El Dorado,Cold Springs,https://nextdoor.com/city/cold-springs--ca/
CA,Mono,Coleville,https://nextdoor.com/city/coleville--ca/
CA,Placer,Colfax,https://nextdoor.com/city/colfax--ca/
CA,Colusa,College City,https://nextdoor.com/city/college-city--ca/
CA,San Mateo,Colma,https://nextdoor.com/city/colma--ca/
CA,San Bernardino,Colton,https://nextdoor.com/city/colton--ca/
CA,Tuolumne,Columbia,https://nextdoor.com/city/columbia--ca/
CA,Colusa,Colusa,https://nextdoor.com/city/colusa--ca/
CA,Los Angeles,Commerce,https://nextdoor.com/city/commerce--ca/
CA,Mendocino,Comptche,https://nextdoor.com/city/comptche--ca/
CA,Los Angeles,Compton,https://nextdoor.com/city/compton--ca/
CA,Contra Costa,Concord,https://nextdoor.com/city/concord--ca/
CA,,Cool,https://nextdoor.com/city/cool--ca/
CA,Calaveras,Copperopolis,https://nextdoor.com/city/copperopolis--ca/
CA,Kings,Corcoran,https://nextdoor.com/city/corcoran--ca/
CA,Tehama,Corning,https://nextdoor.com/city/corning--ca/
CA,Riverside,Corona,https://nextdoor.com/city/corona--ca/
CA,,Corona Del Mar,https://nextdoor.com/city/corona-del-mar--ca/
CA,San Diego,Coronado,https://nextdoor.com/city/coronado--ca/
CA,Marin,Corte Madera,https://nextdoor.com/city/corte-madera--ca/
CA,Orange,Costa Mesa,https://nextdoor.com/city/costa-mesa--ca/
CA,Sonoma,Cotati,https://nextdoor.com/city/cotati--ca/
CA,Shasta,Cottonwood,https://nextdoor.com/city/cottonwood--ca/
CA,Mariposa,Coulterville,https://nextdoor.com/city/coulterville--ca/
CA,Sacramento,Courtland,https://nextdoor.com/city/courtland--ca/
CA,Mendocino,Covelo,https://nextdoor.com/city/covelo--ca/
CA,Los Angeles,Covina,https://nextdoor.com/city/covina--ca/
CA,,Coyote,https://nextdoor.com/city/coyote--ca/
CA,Del Norte,Crescent City,https://nextdoor.com/city/crescent-city--ca/
CA,San Bernardino,Crestline,https://nextdoor.com/city/crestline--ca/
CA,San Luis Obispo,Creston,https://nextdoor.com/city/creston--ca/
CA,Contra Costa,Crockett,https://nextdoor.com/city/crockett--ca/
CA,Stanislaus,Crows Landing,https://nextdoor.com/city/crows-landing--ca/
CA,Los Angeles,Cudahy,https://nextdoor.com/city/cudahy--ca/
CA,Los Angeles,Culver City,https://nextdoor.com/city/culver-city--ca/
CA,Santa Clara,Cupertino,https://nextdoor.com/city/cupertino--ca/
CA,Tulare,Cutler,https://nextdoor.com/city/cutler--ca/
CA,Santa Barbara,Cuyama,https://nextdoor.com/city/cuyama--ca/
CA,Orange,Cypress,https://nextdoor.com/city/cypress--ca/
CA,San Bernardino,Daggett,https://nextdoor.com/city/daggett--ca/
CA,San Mateo,Daly City,https://nextdoor.com/city/daly-city--ca/
CA,Orange,Dana Point,https://nextdoor.com/city/dana-point--ca/
CA,Contra Costa,Danville,https://nextdoor.com/city/danville--ca/
CA,Santa Cruz,Davenport,https://nextdoor.com/city/davenport--ca/
CA,Yolo,Davis,https://nextdoor.com/city/davis--ca/
CA,,Davis Creek,https://nextdoor.com/city/davis-creek--ca/
CA,,Death Valley,https://nextdoor.com/city/death-valley--ca/
CA,Napa,Deer Park,https://nextdoor.com/city/deer-park--ca/
CA,Kern,Delano,https://nextdoor.com/city/delano--ca/
CA,Merced,Delhi,https://nextdoor.com/city/delhi--ca/
CA,San Diego,Del Mar,https://nextdoor.com/city/del-mar--ca/
CA,Fresno,Del Rey,https://nextdoor.com/city/del-rey--ca/
CA,Stanislaus,Denair,https://nextdoor.com/city/denair--ca/
CA,San Diego,Descanso,https://nextdoor.com/city/descanso--ca/
CA,Riverside,Desert Center,https://nextdoor.com/city/desert-center--ca/
CA,Riverside,Desert Hot Springs,https://nextdoor.com/city/desert-hot-springs--ca/
CA,Contra Costa,Diablo,https://nextdoor.com/city/diablo--ca/
CA,Los Angeles,Diamond Bar,https://nextdoor.com/city/diamond-bar--ca/
CA,El Dorado,Diamond Springs,https://nextdoor.com/city/diamond-springs--ca/
CA,Marin,Dillon Beach,https://nextdoor.com/city/dillon-beach--ca/
CA,Tulare,Dinuba,https://nextdoor.com/city/dinuba--ca/
CA,Contra Costa,Discovery Bay,https://nextdoor.com/city/discovery-bay--ca/
CA,Solano,Dixon,https://nextdoor.com/city/dixon--ca/
CA,Yuba,Dobbins,https://nextdoor.com/city/dobbins--ca/
CA,,Dodgertown,https://nextdoor.com/city/dodgertown--ca/
CA,Siskiyou,Dorris,https://nextdoor.com/city/dorris--ca/
CA,Merced,Dos Palos,https://nextdoor.com/city/dos-palos--ca/
CA,Mendocino,Dos Rios,https://nextdoor.com/city/dos-rios--ca/
CA,Trinity,Douglas City,https://nextdoor.com/city/douglas-city--ca/
CA,Los Angeles,Downey,https://nextdoor.com/city/downey--ca/
CA,Sierra,Downieville,https://nextdoor.com/city/downieville--ca/
CA,Lassen,Doyle,https://nextdoor.com/city/doyle--ca/
CA,Amador,Drytown,https://nextdoor.com/city/drytown--ca/
CA,Los Angeles,Duarte,https://nextdoor.com/city/duarte--ca/
CA,Alameda,Dublin,https://nextdoor.com/city/dublin--ca/
CA,Tulare,Ducor,https://nextdoor.com/city/ducor--ca/
CA,,Dulzura,https://nextdoor.com/city/dulzura--ca/
CA,,Dunlap,https://nextdoor.com/city/dunlap--ca/
CA,Yolo,Dunnigan,https://nextdoor.com/city/dunnigan--ca/
CA,Siskiyou,Dunsmuir,https://nextdoor.com/city/dunsmuir--ca/
CA,Butte,Durham,https://nextdoor.com/city/durham--ca/
CA,Placer,Dutch Flat,https://nextdoor.com/city/dutch-flat--ca/
CA,Tulare,Earlimart,https://nextdoor.com/city/earlimart--ca/
CA,,Earp,https://nextdoor.com/city/earp--ca/
CA,San Mateo,East Palo Alto,https://nextdoor.com/city/east-palo-alto--ca/
CA,Los Angeles,East Rancho Dominguez,https://nextdoor.com/city/east-rancho-dominguez--ca/
CA,,Echo Lake,https://nextdoor.com/city/echo-lake--ca/
CA,,Edwards,https://nextdoor.com/city/edwards--ca/
CA,San Diego,El Cajon,https://nextdoor.com/city/el-cajon--ca/
CA,Imperial,El Centro,https://nextdoor.com/city/el-centro--ca/
CA,Contra Costa,El Cerrito,https://nextdoor.com/city/el-cerrito--ca/
CA,,El Dorado,https://nextdoor.com/city/el-dorado--ca/
CA,El Dorado,El Dorado Hills,https://nextdoor.com/city/el-dorado-hills--ca/
CA,San Mateo,El Granada,https://nextdoor.com/city/el-granada--ca/
CA,Mendocino,Elk,https://nextdoor.com/city/elk--ca/
CA,Glenn,Elk Creek,https://nextdoor.com/city/elk-creek--ca/
CA,Sacramento,Elk Grove,https://nextdoor.com/city/elk-grove--ca/
CA,,El Macero,https://nextdoor.com/city/el-macero--ca/
CA,Los Angeles,El Monte,https://nextdoor.com/city/el-monte--ca/
CA,Merced,El Nido,https://nextdoor.com/city/el-nido--ca/
CA,Mariposa,El Portal,https://nextdoor.com/city/el-portal--ca/
CA,Los Angeles,El Segundo,https://nextdoor.com/city/el-segundo--ca/
CA,Contra Costa,El Sobrante,https://nextdoor.com/city/el-sobrante--ca/
CA,Sacramento,Elverta,https://nextdoor.com/city/elverta--ca/
CA,,Emerald Hills,https://nextdoor.com/city/emerald-hills--ca/
CA,Alameda,Emeryville,https://nextdoor.com/city/emeryville--ca/
CA,Placer,Emigrant Gap,https://nextdoor.com/city/emigrant-gap--ca/
CA,San Diego,Encinitas,https://nextdoor.com/city/encinitas--ca/
CA,,Encino,https://nextdoor.com/city/encino--ca/
CA,San Joaquin,Escalon,https://nextdoor.com/city/escalon--ca/
CA,San Diego,Escondido,https://nextdoor.com/city/escondido--ca/
CA,Yolo,Esparto,https://nextdoor.com/city/esparto--ca/
CA,,Essex,https://nextdoor.com/city/essex--ca/
CA,Siskiyou,Etna,https://nextdoor.com/city/etna--ca/
CA,Humboldt,Eureka,https://nextdoor.com/city/eureka--ca/
CA,Tulare,Exeter,https://nextdoor.com/city/exeter--ca/
CA,Marin,Fairfax,https://nextdoor.com/city/fairfax--ca/
CA,Solano,Fairfield,https://nextdoor.com/city/fairfield--ca/
CA,Sacramento,Fair Oaks,https://nextdoor.com/city/fair-oaks--ca/
CA,San Diego,Fallbrook,https://nextdoor.com/city/fallbrook--ca/
CA,Shasta,Fall River Mills,https://nextdoor.com/city/fall-river-mills--ca/
CA,Tulare,Farmersville,https://nextdoor.com/city/farmersville--ca/
CA,San Joaquin,Farmington,https://nextdoor.com/city/farmington--ca/
CA,,Felicity,https://nextdoor.com/city/felicity--ca/
CA,Kern,Fellows,https://nextdoor.com/city/fellows--ca/
CA,Santa Cruz,Felton,https://nextdoor.com/city/felton--ca/
CA,Humboldt,Ferndale,https://nextdoor.com/city/ferndale--ca/
CA,Amador,Fiddletown,https://nextdoor.com/city/fiddletown--ca/
CA,Ventura,Fillmore,https://nextdoor.com/city/fillmore--ca/
CA,Fresno,Firebaugh,https://nextdoor.com/city/firebaugh--ca/
CA,Mariposa,Fish Camp,https://nextdoor.com/city/fish-camp--ca/
CA,Nevada,Floriston,https://nextdoor.com/city/floriston--ca/
CA,Sacramento,Folsom,https://nextdoor.com/city/folsom--ca/
CA,San Bernardino,Fontana,https://nextdoor.com/city/fontana--ca/
CA,,Foothill Ranch,https://nextdoor.com/city/foothill-ranch--ca/
CA,Butte,Forbestown,https://nextdoor.com/city/forbestown--ca/
CA,,Forest Falls,https://nextdoor.com/city/forest-falls--ca/
CA,Placer,Foresthill,https://nextdoor.com/city/foresthill--ca/
CA,Marin,Forest Knolls,https://nextdoor.com/city/forest-knolls--ca/
CA,Butte,Forest Ranch,https://nextdoor.com/city/forest-ranch--ca/
CA,Sonoma,Forestville,https://nextdoor.com/city/forestville--ca/
CA,,Forks Of Salmon,https://nextdoor.com/city/forks-of-salmon--ca/
CA,Modoc,Fort Bidwell,https://nextdoor.com/city/fort-bidwell--ca/
CA,Mendocino,Fort Bragg,https://nextdoor.com/city/fort-bragg--ca/
CA,San Bernardino,Fort Irwin,https://nextdoor.com/city/fort-irwin--ca/
CA,Siskiyou,Fort Jones,https://nextdoor.com/city/fort-jones--ca/
CA,Humboldt,Fortuna,https://nextdoor.com/city/fortuna--ca/
CA,San Mateo,Foster City,https://nextdoor.com/city/foster-city--ca/
CA,Orange,Fountain Valley,https://nextdoor.com/city/fountain-valley--ca/
CA,Fresno,Fowler,https://nextdoor.com/city/fowler--ca/
CA,Kern,Frazier Park,https://nextdoor.com/city/frazier-park--ca/
CA,Santa Cruz,Freedom,https://nextdoor.com/city/freedom--ca/
CA,Alameda,Fremont,https://nextdoor.com/city/fremont--ca/
CA,San Joaquin,French Camp,https://nextdoor.com/city/french-camp--ca/
CA,Shasta,French Gulch,https://nextdoor.com/city/french-gulch--ca/
CA,Fresno,Fresno,https://nextdoor.com/city/fresno--ca/
CA,Fresno,Friant,https://nextdoor.com/city/friant--ca/
CA,Orange,Fullerton,https://nextdoor.com/city/fullerton--ca/
CA,Sonoma,Fulton,https://nextdoor.com/city/fulton--ca/
CA,Sacramento,Galt,https://nextdoor.com/city/galt--ca/
CA,Humboldt,Garberville,https://nextdoor.com/city/garberville--ca/
CA,Los Angeles,Gardena,https://nextdoor.com/city/gardena--ca/
CA,Orange,Garden Grove,https://nextdoor.com/city/garden-grove--ca/
CA,,Garden Valley,https://nextdoor.com/city/garden-valley--ca/
CA,Del Norte,Gasquet,https://nextdoor.com/city/gasquet--ca/
CA,Siskiyou,Gazelle,https://nextdoor.com/city/gazelle--ca/
CA,El Dorado,Georgetown,https://nextdoor.com/city/georgetown--ca/
CA,Tehama,Gerber,https://nextdoor.com/city/gerber--ca/
CA,Sonoma,Geyserville,https://nextdoor.com/city/geyserville--ca/
CA,Santa Clara,Gilroy,https://nextdoor.com/city/gilroy--ca/
CA,,Glencoe,https://nextdoor.com/city/glencoe--ca/
CA,Los Angeles,Glendale,https://nextdoor.com/city/glendale--ca/
CA,Los Angeles,Glendora,https://nextdoor.com/city/glendora--ca/
CA,Sonoma,Glen Ellen,https://nextdoor.com/city/glen-ellen--ca/
CA,,Glenhaven,https://nextdoor.com/city/glenhaven--ca/
CA,Glenn,Glenn,https://nextdoor.com/city/glenn--ca/
CA,,Glennville,https://nextdoor.com/city/glennville--ca/
CA,Sacramento,Gold River,https://nextdoor.com/city/gold-river--ca/
CA,,Gold Run,https://nextdoor.com/city/gold-run--ca/
CA,Santa Barbara,Goleta,https://nextdoor.com/city/goleta--ca/
CA,Monterey,Gonzales,https://nextdoor.com/city/gonzales--ca/
CA,Sierra,Goodyears Bar,https://nextdoor.com/city/goodyears-bar--ca/
CA,Tulare,Goshen,https://nextdoor.com/city/goshen--ca/
CA,,Granada Hills,https://nextdoor.com/city/granada-hills--ca/
CA,San Bernardino,Grand Terrace,https://nextdoor.com/city/grand-terrace--ca/
CA,Placer,Granite Bay,https://nextdoor.com/city/granite-bay--ca/
CA,Nevada,Grass Valley,https://nextdoor.com/city/grass-valley--ca/
CA,Sonoma,Graton,https://nextdoor.com/city/graton--ca/
CA,Marin,Greenbrae,https://nextdoor.com/city/greenbrae--ca/
CA,Monterey,Greenfield,https://nextdoor.com/city/greenfield--ca/
CA,,Greenwood,https://nextdoor.com/city/greenwood--ca/
CA,Siskiyou,Grenada,https://nextdoor.com/city/grenada--ca/
CA,Butte,Gridley,https://nextdoor.com/city/gridley--ca/
CA,,Grizzly Flats,https://nextdoor.com/city/grizzly-flats--ca/
CA,Tuolumne,Groveland,https://nextdoor.com/city/groveland--ca/
CA,San Luis Obispo,Grover Beach,https://nextdoor.com/city/grover-beach--ca/
CA,Santa Barbara,Guadalupe,https://nextdoor.com/city/guadalupe--ca/
CA,Mendocino,Gualala,https://nextdoor.com/city/gualala--ca/
CA,Sonoma,Guerneville,https://nextdoor.com/city/guerneville--ca/
CA,Yolo,Guinda,https://nextdoor.com/city/guinda--ca/
CA,Merced,Gustine,https://nextdoor.com/city/gustine--ca/
CA,Los Angeles,Hacienda Heights,https://nextdoor.com/city/hacienda-heights--ca/
CA,San Mateo,Half Moon Bay,https://nextdoor.com/city/half-moon-bay--ca/
CA,Glenn,Hamilton City,https://nextdoor.com/city/hamilton-city--ca/
CA,,Hammil Valley,https://nextdoor.com/city/hammil-valley--ca/
CA,Kings,Hanford,https://nextdoor.com/city/hanford--ca/
CA,Siskiyou,Happy Camp,https://nextdoor.com/city/happy-camp--ca/
CA,,Harbor City,https://nextdoor.com/city/harbor-city--ca/
CA,San Luis Obispo,Harmony,https://nextdoor.com/city/harmony--ca/
CA,Shasta,Hat Creek,https://nextdoor.com/city/hat-creek--ca/
CA,Los Angeles,Hawaiian Gardens,https://nextdoor.com/city/hawaiian-gardens--ca/
CA,Los Angeles,Hawthorne,https://nextdoor.com/city/hawthorne--ca/
CA,Trinity,Hayfork,https://nextdoor.com/city/hayfork--ca/
CA,Alameda,Hayward,https://nextdoor.com/city/hayward--ca/
CA,Sonoma,Healdsburg,https://nextdoor.com/city/healdsburg--ca/
CA,Imperial,Heber,https://nextdoor.com/city/heber--ca/
CA,San Bernardino,Helendale,https://nextdoor.com/city/helendale--ca/
CA,Fresno,Helm,https://nextdoor.com/city/helm--ca/
CA,Riverside,Hemet,https://nextdoor.com/city/hemet--ca/
CA,Sacramento,Herald,https://nextdoor.com/city/herald--ca/
CA,Contra Costa,Hercules,https://nextdoor.com/city/hercules--ca/
CA,,Heritage Ranch,https://nextdoor.com/city/heritage-ranch--ca/
CA,Lassen,Herlong,https://nextdoor.com/city/herlong--ca/
CA,Los Angeles,Hermosa Beach,https://nextdoor.com/city/hermosa-beach--ca/
CA,San Bernardino,Hesperia,https://nextdoor.com/city/hesperia--ca/
CA,Stanislaus,Hickman,https://nextdoor.com/city/hickman--ca/
CA,Los Angeles,Hidden Hills,https://nextdoor.com/city/hidden-hills--ca/
CA,Lake,Hidden Valley Lake,https://nextdoor.com/city/hidden-valley-lake--ca/
CA,San Bernardino,Highland,https://nextdoor.com/city/highland--ca/
CA,San Mateo,Hillsborough,https://nextdoor.com/city/hillsborough--ca/
CA,Merced,Hilmar,https://nextdoor.com/city/hilmar--ca/
CA,San Bernardino,Hinkley,https://nextdoor.com/city/hinkley--ca/
CA,San Benito,Hollister,https://nextdoor.com/city/hollister--ca/
CA,Imperial,Holtville,https://nextdoor.com/city/holtville--ca/
CA,Riverside,Homeland,https://nextdoor.com/city/homeland--ca/
CA,,Homewood,https://nextdoor.com/city/homewood--ca/
CA,Humboldt,Hoopa,https://nextdoor.com/city/hoopa--ca/
CA,Mendocino,Hopland,https://nextdoor.com/city/hopland--ca/
CA,Siskiyou,Hornbrook,https://nextdoor.com/city/hornbrook--ca/
CA,Mariposa,Hornitos,https://nextdoor.com/city/hornitos--ca/
CA,,Horse Creek,https://nextdoor.com/city/horse-creek--ca/
CA,Stanislaus,Hughson,https://nextdoor.com/city/hughson--ca/
CA,,Hume,https://nextdoor.com/city/hume--ca/
CA,Orange,Huntington Beach,https://nextdoor.com/city/huntington-beach--ca/
CA,Los Angeles,Huntington Park,https://nextdoor.com/city/huntington-park--ca/
CA,Fresno,Huron,https://nextdoor.com/city/huron--ca/
CA,Trinity,Hyampom,https://nextdoor.com/city/hyampom--ca/
CA,Humboldt,Hydesville,https://nextdoor.com/city/hydesville--ca/
CA,Riverside,Idyllwild,https://nextdoor.com/city/idyllwild--ca/
CA,Shasta,Igo,https://nextdoor.com/city/igo--ca/
CA,Imperial,Imperial,https://nextdoor.com/city/imperial--ca/
CA,San Diego,Imperial Beach,https://nextdoor.com/city/imperial-beach--ca/
CA,Inyo,Independence,https://nextdoor.com/city/independence--ca/
CA,Riverside,Indian Wells,https://nextdoor.com/city/indian-wells--ca/
CA,Riverside,Indio,https://nextdoor.com/city/indio--ca/
CA,Los Angeles,Inglewood,https://nextdoor.com/city/inglewood--ca/
CA,Marin,Inverness,https://nextdoor.com/city/inverness--ca/
CA,Kern,Inyokern,https://nextdoor.com/city/inyokern--ca/
CA,Amador,Ione,https://nextdoor.com/city/ione--ca/
CA,,Iowa Hill,https://nextdoor.com/city/iowa-hill--ca/
CA,Orange,Irvine,https://nextdoor.com/city/irvine--ca/
CA,Los Angeles,Irwindale,https://nextdoor.com/city/irwindale--ca/
CA,Sacramento,Isleton,https://nextdoor.com/city/isleton--ca/
CA,Tulare,Ivanhoe,https://nextdoor.com/city/ivanhoe--ca/
CA,Amador,Jackson,https://nextdoor.com/city/jackson--ca/
CA,,Jacumba,https://nextdoor.com/city/jacumba--ca/
CA,Tuolumne,Jamestown,https://nextdoor.com/city/jamestown--ca/
CA,San Diego,Jamul,https://nextdoor.com/city/jamul--ca/
CA,Lassen,Janesville,https://nextdoor.com/city/janesville--ca/
CA,Sonoma,Jenner,https://nextdoor.com/city/jenner--ca/
CA,Kern,Johannesburg,https://nextdoor.com/city/johannesburg--ca/
CA,,Johnson Valley,https://nextdoor.com/city/johnson-valley--ca/
CA,San Bernardino,Joshua Tree,https://nextdoor.com/city/joshua-tree--ca/
CA,San Diego,Julian,https://nextdoor.com/city/julian--ca/
CA,Trinity,Junction City,https://nextdoor.com/city/junction-city--ca/
CA,Mono,June Lake,https://nextdoor.com/city/june-lake--ca/
CA,Kern,Keene,https://nextdoor.com/city/keene--ca/
CA,Lake,Kelseyville,https://nextdoor.com/city/kelseyville--ca/
CA,Contra Costa,Kensington,https://nextdoor.com/city/kensington--ca/
CA,Marin,Kentfield,https://nextdoor.com/city/kentfield--ca/
CA,Sonoma,Kenwood,https://nextdoor.com/city/kenwood--ca/
CA,Fresno,Kerman,https://nextdoor.com/city/kerman--ca/
CA,Kern,Kernville,https://nextdoor.com/city/kernville--ca/
CA,Kings,Kettleman City,https://nextdoor.com/city/kettleman-city--ca/
CA,Monterey,King City,https://nextdoor.com/city/king-city--ca/
CA,Placer,Kings Beach,https://nextdoor.com/city/kings-beach--ca/
CA,Fresno,Kingsburg,https://nextdoor.com/city/kingsburg--ca/
CA,,Kings Canyon National Pk,https://nextdoor.com/city/kings-canyon-national-pk--ca/
CA,Alpine,Kirkwood,https://nextdoor.com/city/kirkwood--ca/
CA,Del Norte,Klamath,https://nextdoor.com/city/klamath--ca/
CA,Siskiyou,Klamath River,https://nextdoor.com/city/klamath-river--ca/
CA,Humboldt,Kneeland,https://nextdoor.com/city/kneeland--ca/
CA,Contra Costa,Knightsen,https://nextdoor.com/city/knightsen--ca/
CA,Yolo,Knights Landing,https://nextdoor.com/city/knights-landing--ca/
CA,Humboldt,Korbel,https://nextdoor.com/city/korbel--ca/
CA,El Dorado,Kyburz,https://nextdoor.com/city/kyburz--ca/
CA,Los Angeles,La Canada Flintridge,https://nextdoor.com/city/la-canada-flintridge--ca/
CA,Los Angeles,La Crescenta,https://nextdoor.com/city/la-crescenta--ca/
CA,Orange,Ladera Ranch,https://nextdoor.com/city/ladera-ranch--ca/
CA,Contra Costa,Lafayette,https://nextdoor.com/city/lafayette--ca/
CA,,La Grange,https://nextdoor.com/city/la-grange--ca/
CA,Orange,Laguna Beach,https://nextdoor.com/city/laguna-beach--ca/
CA,Orange,Laguna Hills,https://nextdoor.com/city/laguna-hills--ca/
CA,Orange,Laguna Niguel,https://nextdoor.com/city/laguna-niguel--ca/
CA,Orange,Laguna Woods,https://nextdoor.com/city/laguna-woods--ca/
CA,Marin,Lagunitas,https://nextdoor.com/city/lagunitas--ca/
CA,Orange,La Habra,https://nextdoor.com/city/la-habra--ca/
CA,Los Angeles,La Habra Heights,https://nextdoor.com/city/la-habra-heights--ca/
CA,San Mateo,La Honda,https://nextdoor.com/city/la-honda--ca/
CA,,La Jolla,https://nextdoor.com/city/la-jolla--ca/
CA,San Bernardino,Lake Arrowhead,https://nextdoor.com/city/lake-arrowhead--ca/
CA,,Lake Balboa,https://nextdoor.com/city/lake-balboa--ca/
CA,Modoc,Lake City,https://nextdoor.com/city/lake-city--ca/
CA,Riverside,Lake Elsinore,https://nextdoor.com/city/lake-elsinore--ca/
CA,Orange,Lake Forest,https://nextdoor.com/city/lake-forest--ca/
CA,Shasta,Lakehead,https://nextdoor.com/city/lakehead--ca/
CA,Los Angeles,Lake Hughes,https://nextdoor.com/city/lake-hughes--ca/
CA,Kern,Lake Isabella,https://nextdoor.com/city/lake-isabella--ca/
CA,Lake,Lakeport,https://nextdoor.com/city/lakeport--ca/
CA,,Lake Sherwood,https://nextdoor.com/city/lake-sherwood--ca/
CA,San Diego,Lakeside,https://nextdoor.com/city/lakeside--ca/
CA,Los Angeles,Lakewood,https://nextdoor.com/city/lakewood--ca/
CA,San Diego,La Mesa,https://nextdoor.com/city/la-mesa--ca/
CA,Los Angeles,La Mirada,https://nextdoor.com/city/la-mirada--ca/
CA,Kern,Lamont,https://nextdoor.com/city/lamont--ca/
CA,Los Angeles,Lancaster,https://nextdoor.com/city/lancaster--ca/
CA,,Landers,https://nextdoor.com/city/landers--ca/
CA,Orange,La Palma,https://nextdoor.com/city/la-palma--ca/
CA,Los Angeles,La Puente,https://nextdoor.com/city/la-puente--ca/
CA,Riverside,La Quinta,https://nextdoor.com/city/la-quinta--ca/
CA,Marin,Larkspur,https://nextdoor.com/city/larkspur--ca/
CA,San Joaquin,Lathrop,https://nextdoor.com/city/lathrop--ca/
CA,Fresno,Laton,https://nextdoor.com/city/laton--ca/
CA,Los Angeles,La Verne,https://nextdoor.com/city/la-verne--ca/
CA,Los Angeles,Lawndale,https://nextdoor.com/city/lawndale--ca/
CA,Mendocino,Laytonville,https://nextdoor.com/city/laytonville--ca/
CA,Kern,Lebec,https://nextdoor.com/city/lebec--ca/
CA,Mono,Lee Vining,https://nextdoor.com/city/lee-vining--ca/
CA,Mendocino,Leggett,https://nextdoor.com/city/leggett--ca/
CA,Merced,Le Grand,https://nextdoor.com/city/le-grand--ca/
CA,Tulare,Lemon Cove,https://nextdoor.com/city/lemon-cove--ca/
CA,San Diego,Lemon Grove,https://nextdoor.com/city/lemon-grove--ca/
CA,Kings,Lemoore,https://nextdoor.com/city/lemoore--ca/
CA,Los Angeles,Leona Valley,https://nextdoor.com/city/leona-valley--ca/
CA,Trinity,Lewiston,https://nextdoor.com/city/lewiston--ca/
CA,Modoc,Likely,https://nextdoor.com/city/likely--ca/
CA,Placer,Lincoln,https://nextdoor.com/city/lincoln--ca/
CA,San Joaquin,Linden,https://nextdoor.com/city/linden--ca/
CA,Tulare,Lindsay,https://nextdoor.com/city/lindsay--ca/
CA,Lassen,Litchfield,https://nextdoor.com/city/litchfield--ca/
CA,Mendocino,Littleriver,https://nextdoor.com/city/littleriver--ca/
CA,,Little River,https://nextdoor.com/city/little-river--ca/
CA,Los Angeles,Littlerock,https://nextdoor.com/city/littlerock--ca/
CA,Sutter,Live Oak,https://nextdoor.com/city/live-oak--ca/
CA,Alameda,Livermore,https://nextdoor.com/city/livermore--ca/
CA,Merced,Livingston,https://nextdoor.com/city/livingston--ca/
CA,,Llano,https://nextdoor.com/city/llano--ca/
CA,San Joaquin,Lockeford,https://nextdoor.com/city/lockeford--ca/
CA,Monterey,Lockwood,https://nextdoor.com/city/lockwood--ca/
CA,San Joaquin,Lodi,https://nextdoor.com/city/lodi--ca/
CA,Humboldt,Loleta,https://nextdoor.com/city/loleta--ca/
CA,San Bernardino,Loma Linda,https://nextdoor.com/city/loma-linda--ca/
CA,San Mateo,Loma Mar,https://nextdoor.com/city/loma-mar--ca/
CA,Los Angeles,Lomita,https://nextdoor.com/city/lomita--ca/
CA,Santa Barbara,Lompoc,https://nextdoor.com/city/lompoc--ca/
CA,Inyo,Lone Pine,https://nextdoor.com/city/lone-pine--ca/
CA,Tuolumne,Long Barn,https://nextdoor.com/city/long-barn--ca/
CA,Los Angeles,Long Beach,https://nextdoor.com/city/long-beach--ca/
CA,Modoc,Lookout,https://nextdoor.com/city/lookout--ca/
CA,Placer,Loomis,https://nextdoor.com/city/loomis--ca/
CA,Orange,Los Alamitos,https://nextdoor.com/city/los-alamitos--ca/
CA,Santa Clara,Los Altos,https://nextdoor.com/city/los-altos--ca/
CA,Santa Clara,Los Altos Hills,https://nextdoor.com/city/los-altos-hills--ca/
CA,Los Angeles,Los Angeles,https://nextdoor.com/city/los-angeles--ca/
CA,Merced,Los Banos,https://nextdoor.com/city/los-banos--ca/
CA,Santa Clara,Los Gatos,https://nextdoor.com/city/los-gatos--ca/
CA,Tehama,Los Molinos,https://nextdoor.com/city/los-molinos--ca/
CA,Santa Barbara,Los Olivos,https://nextdoor.com/city/los-olivos--ca/
CA,San Luis Obispo,Los Osos,https://nextdoor.com/city/los-osos--ca/
CA,Kern,Lost Hills,https://nextdoor.com/city/lost-hills--ca/
CA,,Lotus,https://nextdoor.com/city/lotus--ca/
CA,Lake,Lower Lake,https://nextdoor.com/city/lower-lake--ca/
CA,Sierra,Loyalton,https://nextdoor.com/city/loyalton--ca/
CA,Lake,Lucerne,https://nextdoor.com/city/lucerne--ca/
CA,San Bernardino,Lucerne Valley,https://nextdoor.com/city/lucerne-valley--ca/
CA,,Ludlow,https://nextdoor.com/city/ludlow--ca/
CA,Los Angeles,Lynwood,https://nextdoor.com/city/lynwood--ca/
CA,San Bernardino,Lytle Creek,https://nextdoor.com/city/lytle-creek--ca/
CA,Siskiyou,Macdoel,https://nextdoor.com/city/macdoel--ca/
CA,Lassen,Madeline,https://nextdoor.com/city/madeline--ca/
CA,Madera,Madera,https://nextdoor.com/city/madera--ca/
CA,Yolo,Madison,https://nextdoor.com/city/madison--ca/
CA,Trinity,Mad River,https://nextdoor.com/city/mad-river--ca/
CA,Butte,Magalia,https://nextdoor.com/city/magalia--ca/
CA,Los Angeles,Malibu,https://nextdoor.com/city/malibu--ca/
CA,Mono,Mammoth Lakes,https://nextdoor.com/city/mammoth-lakes--ca/
CA,Mendocino,Manchester,https://nextdoor.com/city/manchester--ca/
CA,Los Angeles,Manhattan Beach,https://nextdoor.com/city/manhattan-beach--ca/
CA,San Joaquin,Manteca,https://nextdoor.com/city/manteca--ca/
CA,Tehama,Manton,https://nextdoor.com/city/manton--ca/
CA,,March Air Reserve Base,https://nextdoor.com/city/march-air-reserve-base--ca/
CA,Kern,Maricopa,https://nextdoor.com/city/maricopa--ca/
CA,Monterey,Marina,https://nextdoor.com/city/marina--ca/
CA,Los Angeles,Marina Del Rey,https://nextdoor.com/city/marina-del-rey--ca/
CA,Mariposa,Mariposa,https://nextdoor.com/city/mariposa--ca/
CA,Alpine,Markleeville,https://nextdoor.com/city/markleeville--ca/
CA,,Marshall,https://nextdoor.com/city/marshall--ca/
CA,Contra Costa,Martinez,https://nextdoor.com/city/martinez--ca/
CA,Yuba,Marysville,https://nextdoor.com/city/marysville--ca/
CA,,Mather,https://nextdoor.com/city/mather--ca/
CA,Colusa,Maxwell,https://nextdoor.com/city/maxwell--ca/
CA,Los Angeles,Maywood,https://nextdoor.com/city/maywood--ca/
CA,Shasta,McArthur,https://nextdoor.com/city/mcarthur--ca/
CA,,McClellan,https://nextdoor.com/city/mcclellan--ca/
CA,Siskiyou,McCloud,https://nextdoor.com/city/mccloud--ca/
CA,Kern,Mc Farland,https://nextdoor.com/city/mc-farland--ca/
CA,Humboldt,McKinleyville,https://nextdoor.com/city/mckinleyville--ca/
CA,Kern,Mc Kittrick,https://nextdoor.com/city/mc-kittrick--ca/
CA,Placer,Meadow Vista,https://nextdoor.com/city/meadow-vista--ca/
CA,Riverside,Mecca,https://nextdoor.com/city/mecca--ca/
CA,Mendocino,Mendocino,https://nextdoor.com/city/mendocino--ca/
CA,Fresno,Mendota,https://nextdoor.com/city/mendota--ca/
CA,Riverside,Menifee,https://nextdoor.com/city/menifee--ca/
CA,San Mateo,Menlo Park,https://nextdoor.com/city/menlo-park--ca/
CA,San Bernardino,Mentone,https://nextdoor.com/city/mentone--ca/
CA,Merced,Merced,https://nextdoor.com/city/merced--ca/
CA,Sutter,Meridian,https://nextdoor.com/city/meridian--ca/
CA,Lake,Middletown,https://nextdoor.com/city/middletown--ca/
CA,Mariposa,Midpines,https://nextdoor.com/city/midpines--ca/
CA,Orange,Midway City,https://nextdoor.com/city/midway-city--ca/
CA,Lassen,Milford,https://nextdoor.com/city/milford--ca/
CA,San Mateo,Millbrae,https://nextdoor.com/city/millbrae--ca/
CA,,Mill Creek,https://nextdoor.com/city/mill-creek--ca/
CA,Marin,Mill Valley,https://nextdoor.com/city/mill-valley--ca/
CA,Shasta,Millville,https://nextdoor.com/city/millville--ca/
CA,Santa Clara,Milpitas,https://nextdoor.com/city/milpitas--ca/
CA,Tehama,Mineral,https://nextdoor.com/city/mineral--ca/
CA,Riverside,Mira Loma,https://nextdoor.com/city/mira-loma--ca/
CA,Ventura,Miramonte,https://nextdoor.com/city/miramonte--ca/
CA,Santa Barbara,Mission Hills,https://nextdoor.com/city/mission-hills--ca/
CA,Orange,Mission Viejo,https://nextdoor.com/city/mission-viejo--ca/
CA,Tuolumne,Mi Wuk Village,https://nextdoor.com/city/mi-wuk-village--ca/
CA,Stanislaus,Modesto,https://nextdoor.com/city/modesto--ca/
CA,Kern,Mojave,https://nextdoor.com/city/mojave--ca/
CA,Calaveras,Mokelumne Hill,https://nextdoor.com/city/mokelumne-hill--ca/
CA,Los Angeles,Monrovia,https://nextdoor.com/city/monrovia--ca/
CA,Siskiyou,Montague,https://nextdoor.com/city/montague--ca/
CA,San Mateo,Montara,https://nextdoor.com/city/montara--ca/
CA,San Bernardino,Montclair,https://nextdoor.com/city/montclair--ca/
CA,Los Angeles,Montebello,https://nextdoor.com/city/montebello--ca/
CA,Monterey,Monterey,https://nextdoor.com/city/monterey--ca/
CA,Los Angeles,Monterey Park,https://nextdoor.com/city/monterey-park--ca/
CA,Sonoma,Monte Rio,https://nextdoor.com/city/monte-rio--ca/
CA,Santa Clara,Monte Sereno,https://nextdoor.com/city/monte-sereno--ca/
CA,Shasta,Montgomery Creek,https://nextdoor.com/city/montgomery-creek--ca/
CA,Los Angeles,Montrose,https://nextdoor.com/city/montrose--ca/
CA,Ventura,Moorpark,https://nextdoor.com/city/moorpark--ca/
CA,Contra Costa,Moraga,https://nextdoor.com/city/moraga--ca/
CA,Riverside,Moreno Valley,https://nextdoor.com/city/moreno-valley--ca/
CA,Santa Clara,Morgan Hill,https://nextdoor.com/city/morgan-hill--ca/
CA,San Bernardino,Morongo Valley,https://nextdoor.com/city/morongo-valley--ca/
CA,San Luis Obispo,Morro Bay,https://nextdoor.com/city/morro-bay--ca/
CA,San Mateo,Moss Beach,https://nextdoor.com/city/moss-beach--ca/
CA,Monterey,Moss Landing,https://nextdoor.com/city/moss-landing--ca/
CA,Riverside,Mountain Center,https://nextdoor.com/city/mountain-center--ca/
CA,Calaveras,Mountain Ranch,https://nextdoor.com/city/mountain-ranch--ca/
CA,Santa Clara,Mountain View,https://nextdoor.com/city/mountain-view--ca/
CA,,Mount Hamilton,https://nextdoor.com/city/mount-hamilton--ca/
CA,Siskiyou,Mount Shasta,https://nextdoor.com/city/mount-shasta--ca/
CA,San Bernardino,Mt Baldy,https://nextdoor.com/city/mt-baldy--ca/
CA,,Mt Madonna,https://nextdoor.com/city/mt-madonna--ca/
CA,Marin,Muir Beach,https://nextdoor.com/city/muir-beach--ca/
CA,Calaveras,Murphys,https://nextdoor.com/city/murphys--ca/
CA,Riverside,Murrieta,https://nextdoor.com/city/murrieta--ca/
CA,Humboldt,Myers Flat,https://nextdoor.com/city/myers-flat--ca/
CA,Napa,Napa,https://nextdoor.com/city/napa--ca/
CA,San Diego,National City,https://nextdoor.com/city/national-city--ca/
CA,San Bernardino,Needles,https://nextdoor.com/city/needles--ca/
CA,Nevada,Nevada City,https://nextdoor.com/city/nevada-city--ca/
CA,Alameda,Newark,https://nextdoor.com/city/newark--ca/
CA,San Bernardino,Newberry Springs,https://nextdoor.com/city/newberry-springs--ca/
CA,,Newbury Park,https://nextdoor.com/city/newbury-park--ca/
CA,Placer,Newcastle,https://nextdoor.com/city/newcastle--ca/
CA,Santa Barbara,New Cuyama,https://nextdoor.com/city/new-cuyama--ca/
CA,Los Angeles,Newhall,https://nextdoor.com/city/newhall--ca/
CA,Stanislaus,Newman,https://nextdoor.com/city/newman--ca/
CA,Orange,Newport Beach,https://nextdoor.com/city/newport-beach--ca/
CA,,Newport Coast,https://nextdoor.com/city/newport-coast--ca/
CA,Marin,Nicasio,https://nextdoor.com/city/nicasio--ca/
CA,Lake,Nice,https://nextdoor.com/city/nice--ca/
CA,Sutter,Nicolaus,https://nextdoor.com/city/nicolaus--ca/
CA,Imperial,Niland,https://nextdoor.com/city/niland--ca/
CA,San Luis Obispo,Nipomo,https://nextdoor.com/city/nipomo--ca/
CA,,Nipton,https://nextdoor.com/city/nipton--ca/
CA,Riverside,Norco,https://nextdoor.com/city/norco--ca/
CA,,Norden,https://nextdoor.com/city/norden--ca/
CA,Kern,North Edwards,https://nextdoor.com/city/north-edwards--ca/
CA,,North Fork,https://nextdoor.com/city/north-fork--ca/
CA,Sacramento,North Highlands,https://nextdoor.com/city/north-highlands--ca/
CA,,North Hills,https://nextdoor.com/city/north-hills--ca/
CA,,North Hollywood,https://nextdoor.com/city/north-hollywood--ca/
CA,,Northridge,https://nextdoor.com/city/northridge--ca/
CA,Nevada,North San Juan,https://nextdoor.com/city/north-san-juan--ca/
CA,Los Angeles,Norwalk,https://nextdoor.com/city/norwalk--ca/
CA,Marin,Novato,https://nextdoor.com/city/novato--ca/
CA,Riverside,Nuevo,https://nextdoor.com/city/nuevo--ca/
CA,Stanislaus,Oakdale,https://nextdoor.com/city/oakdale--ca/
CA,San Bernardino,Oak Hills,https://nextdoor.com/city/oak-hills--ca/
CA,Madera,Oakhurst,https://nextdoor.com/city/oakhurst--ca/
CA,Alameda,Oakland,https://nextdoor.com/city/oakland--ca/
CA,Contra Costa,Oakley,https://nextdoor.com/city/oakley--ca/
CA,Ventura,Oak Park,https://nextdoor.com/city/oak-park--ca/
CA,,Oak Run,https://nextdoor.com/city/oak-run--ca/
CA,Ventura,Oak View,https://nextdoor.com/city/oak-view--ca/
CA,Napa,Oakville,https://nextdoor.com/city/oakville--ca/
CA,Sonoma,Occidental,https://nextdoor.com/city/occidental--ca/
CA,San Luis Obispo,Oceano,https://nextdoor.com/city/oceano--ca/
CA,San Diego,Oceanside,https://nextdoor.com/city/oceanside--ca/
CA,Imperial,Ocotillo,https://nextdoor.com/city/ocotillo--ca/
CA,Ventura,Ojai,https://nextdoor.com/city/ojai--ca/
CA,Shasta,Old Station,https://nextdoor.com/city/old-station--ca/
CA,Yuba,Olivehurst,https://nextdoor.com/city/olivehurst--ca/
CA,,Olympic Valley,https://nextdoor.com/city/olympic-valley--ca/
CA,Madera,O Neals,https://nextdoor.com/city/o-neals--ca/
CA,Shasta,Ono,https://nextdoor.com/city/ono--ca/
CA,San Bernardino,Ontario,https://nextdoor.com/city/ontario--ca/
CA,Kern,Onyx,https://nextdoor.com/city/onyx--ca/
CA,Orange,Orange,https://nextdoor.com/city/orange--ca/
CA,Fresno,Orange Cove,https://nextdoor.com/city/orange-cove--ca/
CA,Sacramento,Orangevale,https://nextdoor.com/city/orangevale--ca/
CA,Santa Barbara,Orcutt,https://nextdoor.com/city/orcutt--ca/
CA,,Oregon House,https://nextdoor.com/city/oregon-house--ca/
CA,Humboldt,Orick,https://nextdoor.com/city/orick--ca/
CA,Contra Costa,Orinda,https://nextdoor.com/city/orinda--ca/
CA,Glenn,Orland,https://nextdoor.com/city/orland--ca/
CA,Humboldt,Orleans,https://nextdoor.com/city/orleans--ca/
CA,San Bernardino,Oro Grande,https://nextdoor.com/city/oro-grande--ca/
CA,Tulare,Orosi,https://nextdoor.com/city/orosi--ca/
CA,Butte,Oroville,https://nextdoor.com/city/oroville--ca/
CA,Ventura,Oxnard,https://nextdoor.com/city/oxnard--ca/
CA,Contra Costa,Pacheco,https://nextdoor.com/city/pacheco--ca/
CA,San Mateo,Pacifica,https://nextdoor.com/city/pacifica--ca/
CA,Monterey,Pacific Grove,https://nextdoor.com/city/pacific-grove--ca/
CA,,Pacific Palisades,https://nextdoor.com/city/pacific-palisades--ca/
CA,,Pacoima,https://nextdoor.com/city/pacoima--ca/
CA,San Benito,Paicines,https://nextdoor.com/city/paicines--ca/
CA,San Diego,Pala,https://nextdoor.com/city/pala--ca/
CA,Butte,Palermo,https://nextdoor.com/city/palermo--ca/
CA,Los Angeles,Palmdale,https://nextdoor.com/city/palmdale--ca/
CA,Riverside,Palm Desert,https://nextdoor.com/city/palm-desert--ca/
CA,Riverside,Palm Springs,https://nextdoor.com/city/palm-springs--ca/
CA,Santa Clara,Palo Alto,https://nextdoor.com/city/palo-alto--ca/
CA,Shasta,Palo Cedro,https://nextdoor.com/city/palo-cedro--ca/
CA,San Mateo,Palomar Park,https://nextdoor.com/city/palomar-park--ca/
CA,Los Angeles,Palos Verdes Estates,https://nextdoor.com/city/palos-verdes-estates--ca/
CA,,Palos Verdes Peninsula,https://nextdoor.com/city/palos-verdes-peninsula--ca/
CA,Imperial,Palo Verde,https://nextdoor.com/city/palo-verde--ca/
CA,,Panorama City,https://nextdoor.com/city/panorama-city--ca/
CA,Butte,Paradise,https://nextdoor.com/city/paradise--ca/
CA,Los Angeles,Paramount,https://nextdoor.com/city/paramount--ca/
CA,,Parker Dam,https://nextdoor.com/city/parker-dam--ca/
CA,Fresno,Parlier,https://nextdoor.com/city/parlier--ca/
CA,Los Angeles,Pasadena,https://nextdoor.com/city/pasadena--ca/
CA,San Luis Obispo,Paso Robles,https://nextdoor.com/city/paso-robles--ca/
CA,Stanislaus,Patterson,https://nextdoor.com/city/patterson--ca/
CA,,Pauma Valley,https://nextdoor.com/city/pauma-valley--ca/
CA,Tehama,Paynes Creek,https://nextdoor.com/city/paynes-creek--ca/
CA,Los Angeles,Pearblossom,https://nextdoor.com/city/pearblossom--ca/
CA,Monterey,Pebble Beach,https://nextdoor.com/city/pebble-beach--ca/
CA,Sonoma,Penngrove,https://nextdoor.com/city/penngrove--ca/
CA,Nevada,Penn Valley,https://nextdoor.com/city/penn-valley--ca/
CA,Placer,Penryn,https://nextdoor.com/city/penryn--ca/
CA,Riverside,Perris,https://nextdoor.com/city/perris--ca/
CA,San Mateo,Pescadero,https://nextdoor.com/city/pescadero--ca/
CA,Sonoma,Petaluma,https://nextdoor.com/city/petaluma--ca/
CA,,Petrolia,https://nextdoor.com/city/petrolia--ca/
CA,San Bernardino,Phelan,https://nextdoor.com/city/phelan--ca/
CA,Mendocino,Philo,https://nextdoor.com/city/philo--ca/
CA,Los Angeles,Pico Rivera,https://nextdoor.com/city/pico-rivera--ca/
CA,Alameda,Piedmont,https://nextdoor.com/city/piedmont--ca/
CA,Mendocino,Piercy,https://nextdoor.com/city/piercy--ca/
CA,El Dorado,Pilot Hill,https://nextdoor.com/city/pilot-hill--ca/
CA,,Pinecrest,https://nextdoor.com/city/pinecrest--ca/
CA,Amador,Pine Grove,https://nextdoor.com/city/pine-grove--ca/
CA,Kern,Pine Mountain Club,https://nextdoor.com/city/pine-mountain-club--ca/
CA,San Diego,Pine Valley,https://nextdoor.com/city/pine-valley--ca/
CA,Contra Costa,Pinole,https://nextdoor.com/city/pinole--ca/
CA,San Bernardino,Pinon Hills,https://nextdoor.com/city/pinon-hills--ca/
CA,Amador,Pioneer,https://nextdoor.com/city/pioneer--ca/
CA,San Luis Obispo,Pismo Beach,https://nextdoor.com/city/pismo-beach--ca/
CA,Contra Costa,Pittsburg,https://nextdoor.com/city/pittsburg--ca/
CA,Tulare,Pixley,https://nextdoor.com/city/pixley--ca/
CA,Orange,Placentia,https://nextdoor.com/city/placentia--ca/
CA,El Dorado,Placerville,https://nextdoor.com/city/placerville--ca/
CA,Shasta,Platina,https://nextdoor.com/city/platina--ca/
CA,,Playa Del Rey,https://nextdoor.com/city/playa-del-rey--ca/
CA,,Playa Vista,https://nextdoor.com/city/playa-vista--ca/
CA,,Pleasant Grove,https://nextdoor.com/city/pleasant-grove--ca/
CA,Contra Costa,Pleasant Hill,https://nextdoor.com/city/pleasant-hill--ca/
CA,Alameda,Pleasanton,https://nextdoor.com/city/pleasanton--ca/
CA,Yuba,Plumas Lake,https://nextdoor.com/city/plumas-lake--ca/
CA,Amador,Plymouth,https://nextdoor.com/city/plymouth--ca/
CA,Mendocino,Point Arena,https://nextdoor.com/city/point-arena--ca/
CA,,Point Mugu Nawc,https://nextdoor.com/city/point-mugu-nawc--ca/
CA,Marin,Point Reyes Station,https://nextdoor.com/city/point-reyes-station--ca/
CA,,Point Richmond,https://nextdoor.com/city/point-richmond--ca/
CA,El Dorado,Pollock Pines,https://nextdoor.com/city/pollock-pines--ca/
CA,Los Angeles,Pomona,https://nextdoor.com/city/pomona--ca/
CA,Napa,Pope Valley,https://nextdoor.com/city/pope-valley--ca/
CA,Tulare,Poplar,https://nextdoor.com/city/poplar--ca/
CA,Contra Costa,Port Costa,https://nextdoor.com/city/port-costa--ca/
CA,,Porter Ranch,https://nextdoor.com/city/porter-ranch--ca/
CA,Tulare,Porterville,https://nextdoor.com/city/porterville--ca/
CA,Ventura,Port Hueneme,https://nextdoor.com/city/port-hueneme--ca/
CA,,Port Hueneme Cbc Base,https://nextdoor.com/city/port-hueneme-cbc-base--ca/
CA,San Mateo,Portola Valley,https://nextdoor.com/city/portola-valley--ca/
CA,Tulare,Posey,https://nextdoor.com/city/posey--ca/
CA,San Diego,Potrero,https://nextdoor.com/city/potrero--ca/
CA,Mendocino,Potter Valley,https://nextdoor.com/city/potter-valley--ca/
CA,San Diego,Poway,https://nextdoor.com/city/poway--ca/
CA,,Prather,https://nextdoor.com/city/prather--ca/
CA,Colusa,Princeton,https://nextdoor.com/city/princeton--ca/
CA,,Rackerby,https://nextdoor.com/city/rackerby--ca/
CA,Fresno,Raisin City,https://nextdoor.com/city/raisin-city--ca/
CA,San Diego,Ramona,https://nextdoor.com/city/ramona--ca/
CA,,Ranchita,https://nextdoor.com/city/ranchita--ca/
CA,Sacramento,Rancho Cordova,https://nextdoor.com/city/rancho-cordova--ca/
CA,San Bernardino,Rancho Cucamonga,https://nextdoor.com/city/rancho-cucamonga--ca/
CA,,Rancho Dominguez,https://nextdoor.com/city/rancho-dominguez--ca/
CA,Riverside,Rancho Mirage,https://nextdoor.com/city/rancho-mirage--ca/
CA,Sacramento,Rancho Murieta,https://nextdoor.com/city/rancho-murieta--ca/
CA,Los Angeles,Rancho Palos Verdes,https://nextdoor.com/city/rancho-palos-verdes--ca/
CA,San Diego,Rancho Santa Fe,https://nextdoor.com/city/rancho-santa-fe--ca/
CA,Orange,Rancho Santa Margarita,https://nextdoor.com/city/rancho-santa-margarita--ca/
CA,Kern,Randsburg,https://nextdoor.com/city/randsburg--ca/
CA,,Ravendale,https://nextdoor.com/city/ravendale--ca/
CA,Madera,Raymond,https://nextdoor.com/city/raymond--ca/
CA,Tehama,Red Bluff,https://nextdoor.com/city/red-bluff--ca/
CA,Humboldt,Redcrest,https://nextdoor.com/city/redcrest--ca/
CA,Shasta,Redding,https://nextdoor.com/city/redding--ca/
CA,San Bernardino,Redlands,https://nextdoor.com/city/redlands--ca/
CA,Los Angeles,Redondo Beach,https://nextdoor.com/city/redondo-beach--ca/
CA,Humboldt,Redway,https://nextdoor.com/city/redway--ca/
CA,San Mateo,Redwood City,https://nextdoor.com/city/redwood-city--ca/
CA,Mendocino,Redwood Valley,https://nextdoor.com/city/redwood-valley--ca/
CA,Fresno,Reedley,https://nextdoor.com/city/reedley--ca/
CA,,Rescue,https://nextdoor.com/city/rescue--ca/
CA,,Reseda,https://nextdoor.com/city/reseda--ca/
CA,San Bernardino,Rialto,https://nextdoor.com/city/rialto--ca/
CA,Tulare,Richgrove,https://nextdoor.com/city/richgrove--ca/
CA,Contra Costa,Richmond,https://nextdoor.com/city/richmond--ca/
CA,Kern,Ridgecrest,https://nextdoor.com/city/ridgecrest--ca/
CA,Humboldt,Rio Dell,https://nextdoor.com/city/rio-dell--ca/
CA,Sacramento,Rio Linda,https://nextdoor.com/city/rio-linda--ca/
CA,,Rio Nido,https://nextdoor.com/city/rio-nido--ca/
CA,Sutter,Rio Oso,https://nextdoor.com/city/rio-oso--ca/
CA,Solano,Rio Vista,https://nextdoor.com/city/rio-vista--ca/
CA,Riverside,Ripley,https://nextdoor.com/city/ripley--ca/
CA,San Joaquin,Ripon,https://nextdoor.com/city/ripon--ca/
CA,Stanislaus,Riverbank,https://nextdoor.com/city/riverbank--ca/
CA,Fresno,Riverdale,https://nextdoor.com/city/riverdale--ca/
CA,Riverside,Riverside,https://nextdoor.com/city/riverside--ca/
CA,Placer,Rocklin,https://nextdoor.com/city/rocklin--ca/
CA,Contra Costa,Rodeo,https://nextdoor.com/city/rodeo--ca/
CA,Sonoma,Rohnert Park,https://nextdoor.com/city/rohnert-park--ca/
CA,Los Angeles,Rolling Hills,https://nextdoor.com/city/rolling-hills--ca/
CA,Los Angeles,Rolling Hills Estates,https://nextdoor.com/city/rolling-hills-estates--ca/
CA,Kern,Rosamond,https://nextdoor.com/city/rosamond--ca/
CA,Los Angeles,Rosemead,https://nextdoor.com/city/rosemead--ca/
CA,Placer,Roseville,https://nextdoor.com/city/roseville--ca/
CA,,Rosewood,https://nextdoor.com/city/rosewood--ca/
CA,Nevada,Rough And Ready,https://nextdoor.com/city/rough-and-ready--ca/
CA,Los Angeles,Rowland Heights,https://nextdoor.com/city/rowland-heights--ca/
CA,,Royal Oaks,https://nextdoor.com/city/royal-oaks--ca/
CA,,Rumsey,https://nextdoor.com/city/rumsey--ca/
CA,San Bernardino,Running Springs,https://nextdoor.com/city/running-springs--ca/
CA,Sacramento,Sacramento,https://nextdoor.com/city/sacramento--ca/
CA,Napa,Saint Helena,https://nextdoor.com/city/saint-helena--ca/
CA,Stanislaus,Salida,https://nextdoor.com/city/salida--ca/
CA,Monterey,Salinas,https://nextdoor.com/city/salinas--ca/
CA,Trinity,Salyer,https://nextdoor.com/city/salyer--ca/
CA,Humboldt,Samoa,https://nextdoor.com/city/samoa--ca/
CA,Calaveras,San Andreas,https://nextdoor.com/city/san-andreas--ca/
CA,Marin,San Anselmo,https://nextdoor.com/city/san-anselmo--ca/
CA,Monterey,San Ardo,https://nextdoor.com/city/san-ardo--ca/
CA,San Bernardino,San Bernardino,https://nextdoor.com/city/san-bernardino--ca/
CA,San Mateo,San Bruno,https://nextdoor.com/city/san-bruno--ca/
CA,San Mateo,San Carlos,https://nextdoor.com/city/san-carlos--ca/
CA,Orange,San Clemente,https://nextdoor.com/city/san-clemente--ca/
CA,San Diego,San Diego,https://nextdoor.com/city/san-diego--ca/
CA,Los Angeles,San Dimas,https://nextdoor.com/city/san-dimas--ca/
CA,Los Angeles,San Fernando,https://nextdoor.com/city/san-fernando--ca/
CA,San Francisco,San Francisco,https://nextdoor.com/city/san-francisco--ca/
CA,Los Angeles,San Gabriel,https://nextdoor.com/city/san-gabriel--ca/
CA,Fresno,Sanger,https://nextdoor.com/city/sanger--ca/
CA,Marin,San Geronimo,https://nextdoor.com/city/san-geronimo--ca/
CA,San Mateo,San Gregorio,https://nextdoor.com/city/san-gregorio--ca/
CA,Riverside,San Jacinto,https://nextdoor.com/city/san-jacinto--ca/
CA,Fresno,San Joaquin,https://nextdoor.com/city/san-joaquin--ca/
CA,Santa Clara,San Jose,https://nextdoor.com/city/san-jose--ca/
CA,San Benito,San Juan Bautista,https://nextdoor.com/city/san-juan-bautista--ca/
CA,Orange,San Juan Capistrano,https://nextdoor.com/city/san-juan-capistrano--ca/
CA,Alameda,San Leandro,https://nextdoor.com/city/san-leandro--ca/
CA,Alameda,San Lorenzo,https://nextdoor.com/city/san-lorenzo--ca/
CA,San Luis Obispo,San Luis Obispo,https://nextdoor.com/city/san-luis-obispo--ca/
CA,San Diego,San Marcos,https://nextdoor.com/city/san-marcos--ca/
CA,Los Angeles,San Marino,https://nextdoor.com/city/san-marino--ca/
CA,Santa Clara,San Martin,https://nextdoor.com/city/san-martin--ca/
CA,San Mateo,San Mateo,https://nextdoor.com/city/san-mateo--ca/
CA,San Luis Obispo,San Miguel,https://nextdoor.com/city/san-miguel--ca/
CA,Contra Costa,San Pablo,https://nextdoor.com/city/san-pablo--ca/
CA,,San Pedro,https://nextdoor.com/city/san-pedro--ca/
CA,Marin,San Quentin,https://nextdoor.com/city/san-quentin--ca/
CA,Marin,San Rafael,https://nextdoor.com/city/san-rafael--ca/
CA,Contra Costa,San Ramon,https://nextdoor.com/city/san-ramon--ca/
CA,San Luis Obispo,San Simeon,https://nextdoor.com/city/san-simeon--ca/
CA,Orange,Santa Ana,https://nextdoor.com/city/santa-ana--ca/
CA,Santa Barbara,Santa Barbara,https://nextdoor.com/city/santa-barbara--ca/
CA,Santa Clara,Santa Clara,https://nextdoor.com/city/santa-clara--ca/
CA,Los Angeles,Santa Clarita,https://nextdoor.com/city/santa-clarita--ca/
CA,Santa Cruz,Santa Cruz,https://nextdoor.com/city/santa-cruz--ca/
CA,Los Angeles,Santa Fe Springs,https://nextdoor.com/city/santa-fe-springs--ca/
CA,San Luis Obispo,Santa Margarita,https://nextdoor.com/city/santa-margarita--ca/
CA,Santa Barbara,Santa Maria,https://nextdoor.com/city/santa-maria--ca/
CA,Los Angeles,Santa Monica,https://nextdoor.com/city/santa-monica--ca/
CA,Ventura,Santa Paula,https://nextdoor.com/city/santa-paula--ca/
CA,Sonoma,Santa Rosa,https://nextdoor.com/city/santa-rosa--ca/
CA,,Santa Rosa Valley,https://nextdoor.com/city/santa-rosa-valley--ca/
CA,Santa Barbara,Santa Ynez,https://nextdoor.com/city/santa-ynez--ca/
CA,,Santa Ysabel,https://nextdoor.com/city/santa-ysabel--ca/
CA,San Diego,Santee,https://nextdoor.com/city/santee--ca/
CA,,San Ysidro,https://nextdoor.com/city/san-ysidro--ca/
CA,Santa Clara,Saratoga,https://nextdoor.com/city/saratoga--ca/
CA,Sierra,Sattley,https://nextdoor.com/city/sattley--ca/
CA,Marin,Sausalito,https://nextdoor.com/city/sausalito--ca/
CA,Humboldt,Scotia,https://nextdoor.com/city/scotia--ca/
CA,,Scott Bar,https://nextdoor.com/city/scott-bar--ca/
CA,Santa Cruz,Scotts Valley,https://nextdoor.com/city/scotts-valley--ca/
CA,Orange,Seal Beach,https://nextdoor.com/city/seal-beach--ca/
CA,Monterey,Seaside,https://nextdoor.com/city/seaside--ca/
CA,Sonoma,Sebastopol,https://nextdoor.com/city/sebastopol--ca/
CA,Imperial,Seeley,https://nextdoor.com/city/seeley--ca/
CA,,Seiad Valley,https://nextdoor.com/city/seiad-valley--ca/
CA,Fresno,Selma,https://nextdoor.com/city/selma--ca/
CA,,Sequoia National Park,https://nextdoor.com/city/sequoia-national-park--ca/
CA,Kern,Shafter,https://nextdoor.com/city/shafter--ca/
CA,San Luis Obispo,Shandon,https://nextdoor.com/city/shandon--ca/
CA,Shasta,Shasta,https://nextdoor.com/city/shasta--ca/
CA,Shasta,Shasta Lake,https://nextdoor.com/city/shasta-lake--ca/
CA,Fresno,Shaver Lake,https://nextdoor.com/city/shaver-lake--ca/
CA,,Sheep Ranch,https://nextdoor.com/city/sheep-ranch--ca/
CA,,Shell Beach,https://nextdoor.com/city/shell-beach--ca/
CA,Placer,Sheridan,https://nextdoor.com/city/sheridan--ca/
CA,,Sherman Oaks,https://nextdoor.com/city/sherman-oaks--ca/
CA,El Dorado,Shingle Springs,https://nextdoor.com/city/shingle-springs--ca/
CA,Shasta,Shingletown,https://nextdoor.com/city/shingletown--ca/
CA,Inyo,Shoshone,https://nextdoor.com/city/shoshone--ca/
CA,Sierra,Sierra City,https://nextdoor.com/city/sierra-city--ca/
CA,Los Angeles,Sierra Madre,https://nextdoor.com/city/sierra-madre--ca/
CA,Sierra,Sierraville,https://nextdoor.com/city/sierraville--ca/
CA,Los Angeles,Signal Hill,https://nextdoor.com/city/signal-hill--ca/
CA,Orange,Silverado,https://nextdoor.com/city/silverado--ca/
CA,Ventura,Simi Valley,https://nextdoor.com/city/simi-valley--ca/
CA,San Bernardino,Skyforest,https://nextdoor.com/city/skyforest--ca/
CA,,Sloughhouse,https://nextdoor.com/city/sloughhouse--ca/
CA,Yuba,Smartsville,https://nextdoor.com/city/smartsville--ca/
CA,Del Norte,Smith River,https://nextdoor.com/city/smith-river--ca/
CA,Merced,Snelling,https://nextdoor.com/city/snelling--ca/
CA,Nevada,Soda Springs,https://nextdoor.com/city/soda-springs--ca/
CA,San Diego,Solana Beach,https://nextdoor.com/city/solana-beach--ca/
CA,Monterey,Soledad,https://nextdoor.com/city/soledad--ca/
CA,Santa Barbara,Solvang,https://nextdoor.com/city/solvang--ca/
CA,,Somerset,https://nextdoor.com/city/somerset--ca/
CA,Siskiyou,Somes Bar,https://nextdoor.com/city/somes-bar--ca/
CA,Ventura,Somis,https://nextdoor.com/city/somis--ca/
CA,Sonoma,Sonoma,https://nextdoor.com/city/sonoma--ca/
CA,Tuolumne,Sonora,https://nextdoor.com/city/sonora--ca/
CA,Santa Cruz,Soquel,https://nextdoor.com/city/soquel--ca/
CA,Tuolumne,Soulsbyville,https://nextdoor.com/city/soulsbyville--ca/
CA,Los Angeles,South El Monte,https://nextdoor.com/city/south-el-monte--ca/
CA,Los Angeles,South Gate,https://nextdoor.com/city/south-gate--ca/
CA,El Dorado,South Lake Tahoe,https://nextdoor.com/city/south-lake-tahoe--ca/
CA,Los Angeles,South Pasadena,https://nextdoor.com/city/south-pasadena--ca/
CA,San Mateo,South San Francisco,https://nextdoor.com/city/south-san-francisco--ca/
CA,San Diego,Spring Valley,https://nextdoor.com/city/spring-valley--ca/
CA,Tulare,Springville,https://nextdoor.com/city/springville--ca/
CA,Fresno,Squaw Valley,https://nextdoor.com/city/squaw-valley--ca/
CA,Lassen,Standish,https://nextdoor.com/city/standish--ca/
CA,Santa Clara,Stanford,https://nextdoor.com/city/stanford--ca/
CA,Orange,Stanton,https://nextdoor.com/city/stanton--ca/
CA,,Stevenson Ranch,https://nextdoor.com/city/stevenson-ranch--ca/
CA,Merced,Stevinson,https://nextdoor.com/city/stevinson--ca/
CA,,Stewarts Point,https://nextdoor.com/city/stewarts-point--ca/
CA,Marin,Stinson Beach,https://nextdoor.com/city/stinson-beach--ca/
CA,San Joaquin,Stockton,https://nextdoor.com/city/stockton--ca/
CA,Colusa,Stonyford,https://nextdoor.com/city/stonyford--ca/
CA,Kings,Stratford,https://nextdoor.com/city/stratford--ca/
CA,Tulare,Strathmore,https://nextdoor.com/city/strathmore--ca/
CA,Tuolumne,Strawberry,https://nextdoor.com/city/strawberry--ca/
CA,,Strawberry Valley,https://nextdoor.com/city/strawberry-valley--ca/
CA,,Studio City,https://nextdoor.com/city/studio-city--ca/
CA,,Sugarloaf,https://nextdoor.com/city/sugarloaf--ca/
CA,Solano,Suisun City,https://nextdoor.com/city/suisun-city--ca/
CA,Santa Barbara,Summerland,https://nextdoor.com/city/summerland--ca/
CA,,Sun City,https://nextdoor.com/city/sun-city--ca/
CA,,Sunland,https://nextdoor.com/city/sunland--ca/
CA,Santa Clara,Sunnyvale,https://nextdoor.com/city/sunnyvale--ca/
CA,Alameda,Sunol,https://nextdoor.com/city/sunol--ca/
CA,Orange,Sunset Beach,https://nextdoor.com/city/sunset-beach--ca/
CA,,Sun Valley,https://nextdoor.com/city/sun-valley--ca/
CA,Orange,Surfside,https://nextdoor.com/city/surfside--ca/
CA,Lassen,Susanville,https://nextdoor.com/city/susanville--ca/
CA,Sutter,Sutter,https://nextdoor.com/city/sutter--ca/
CA,Amador,Sutter Creek,https://nextdoor.com/city/sutter-creek--ca/
CA,,Swall Meadows,https://nextdoor.com/city/swall-meadows--ca/
CA,,Sylmar,https://nextdoor.com/city/sylmar--ca/
CA,Kern,Taft,https://nextdoor.com/city/taft--ca/
CA,Placer,Tahoe City,https://nextdoor.com/city/tahoe-city--ca/
CA,Placer,Tahoe Vista,https://nextdoor.com/city/tahoe-vista--ca/
CA,Placer,Tahoma,https://nextdoor.com/city/tahoma--ca/
CA,,Tarzana,https://nextdoor.com/city/tarzana--ca/
CA,San Diego,Tecate,https://nextdoor.com/city/tecate--ca/
CA,Inyo,Tecopa,https://nextdoor.com/city/tecopa--ca/
CA,Kern,Tehachapi,https://nextdoor.com/city/tehachapi--ca/
CA,Riverside,Temecula,https://nextdoor.com/city/temecula--ca/
CA,Los Angeles,Temple City,https://nextdoor.com/city/temple-city--ca/
CA,San Luis Obispo,Templeton,https://nextdoor.com/city/templeton--ca/
CA,,Termo,https://nextdoor.com/city/termo--ca/
CA,Tulare,Terra Bella,https://nextdoor.com/city/terra-bella--ca/
CA,Riverside,Thermal,https://nextdoor.com/city/thermal--ca/
CA,Sonoma,The Sea Ranch,https://nextdoor.com/city/the-sea-ranch--ca/
CA,Ventura,Thousand Oaks,https://nextdoor.com/city/thousand-oaks--ca/
CA,Riverside,Thousand Palms,https://nextdoor.com/city/thousand-palms--ca/
CA,Tulare,Three Rivers,https://nextdoor.com/city/three-rivers--ca/
CA,Marin,Tiburon,https://nextdoor.com/city/tiburon--ca/
CA,Tulare,Tipton,https://nextdoor.com/city/tipton--ca/
CA,Fresno,Tollhouse,https://nextdoor.com/city/tollhouse--ca/
CA,,Toluca Lake,https://nextdoor.com/city/toluca-lake--ca/
CA,Marin,Tomales,https://nextdoor.com/city/tomales--ca/
CA,Los Angeles,Topanga,https://nextdoor.com/city/topanga--ca/
CA,Mono,Topaz,https://nextdoor.com/city/topaz--ca/
CA,Los Angeles,Torrance,https://nextdoor.com/city/torrance--ca/
CA,Orange,Trabuco Canyon,https://nextdoor.com/city/trabuco-canyon--ca/
CA,San Joaquin,Tracy,https://nextdoor.com/city/tracy--ca/
CA,Fresno,Tranquillity,https://nextdoor.com/city/tranquillity--ca/
CA,Tulare,Traver,https://nextdoor.com/city/traver--ca/
CA,,Travis Afb,https://nextdoor.com/city/travis-afb--ca/
CA,Humboldt,Trinidad,https://nextdoor.com/city/trinidad--ca/
CA,Trinity,Trinity Center,https://nextdoor.com/city/trinity-center--ca/
CA,San Bernardino,Trona,https://nextdoor.com/city/trona--ca/
CA,Sutter,Trowbridge,https://nextdoor.com/city/trowbridge--ca/
CA,Nevada,Truckee,https://nextdoor.com/city/truckee--ca/
CA,,Tujunga,https://nextdoor.com/city/tujunga--ca/
CA,Tulare,Tulare,https://nextdoor.com/city/tulare--ca/
CA,Siskiyou,Tulelake,https://nextdoor.com/city/tulelake--ca/
CA,Tuolumne,Tuolumne,https://nextdoor.com/city/tuolumne--ca/
CA,Kern,Tupman,https://nextdoor.com/city/tupman--ca/
CA,Stanislaus,Turlock,https://nextdoor.com/city/turlock--ca/
CA,Orange,Tustin,https://nextdoor.com/city/tustin--ca/
CA,Tuolumne,Twain Harte,https://nextdoor.com/city/twain-harte--ca/
CA,San Bernardino,Twentynine Palms,https://nextdoor.com/city/twentynine-palms--ca/
CA,,Twin Bridges,https://nextdoor.com/city/twin-bridges--ca/
CA,Mendocino,Ukiah,https://nextdoor.com/city/ukiah--ca/
CA,Alameda,Union City,https://nextdoor.com/city/union-city--ca/
CA,,Universal City,https://nextdoor.com/city/universal-city--ca/
CA,San Bernardino,Upland,https://nextdoor.com/city/upland--ca/
CA,Lake,Upper Lake,https://nextdoor.com/city/upper-lake--ca/
CA,Solano,Vacaville,https://nextdoor.com/city/vacaville--ca/
CA,,Valencia,https://nextdoor.com/city/valencia--ca/
CA,Calaveras,Vallecito,https://nextdoor.com/city/vallecito--ca/
CA,Solano,Vallejo,https://nextdoor.com/city/vallejo--ca/
CA,San Diego,Valley Center,https://nextdoor.com/city/valley-center--ca/
CA,Sonoma,Valley Ford,https://nextdoor.com/city/valley-ford--ca/
CA,Calaveras,Valley Springs,https://nextdoor.com/city/valley-springs--ca/
CA,,Valley Village,https://nextdoor.com/city/valley-village--ca/
CA,,Valyermo,https://nextdoor.com/city/valyermo--ca/
CA,,Van Nuys,https://nextdoor.com/city/van-nuys--ca/
CA,,Venice,https://nextdoor.com/city/venice--ca/
CA,Ventura,Ventura,https://nextdoor.com/city/ventura--ca/
CA,,Vernalis,https://nextdoor.com/city/vernalis--ca/
CA,Los Angeles,Vernon,https://nextdoor.com/city/vernon--ca/
CA,San Bernardino,Victorville,https://nextdoor.com/city/victorville--ca/
CA,San Bernardino,Vidal,https://nextdoor.com/city/vidal--ca/
CA,Orange,Villa Park,https://nextdoor.com/city/villa-park--ca/
CA,Tulare,Visalia,https://nextdoor.com/city/visalia--ca/
CA,San Diego,Vista,https://nextdoor.com/city/vista--ca/
CA,Amador,Volcano,https://nextdoor.com/city/volcano--ca/
CA,Los Angeles,Walnut,https://nextdoor.com/city/walnut--ca/
CA,Contra Costa,Walnut Creek,https://nextdoor.com/city/walnut-creek--ca/
CA,Sacramento,Walnut Grove,https://nextdoor.com/city/walnut-grove--ca/
CA,San Diego,Warner Springs,https://nextdoor.com/city/warner-springs--ca/
CA,Kern,Wasco,https://nextdoor.com/city/wasco--ca/
CA,Nevada,Washington,https://nextdoor.com/city/washington--ca/
CA,Stanislaus,Waterford,https://nextdoor.com/city/waterford--ca/
CA,Santa Cruz,Watsonville,https://nextdoor.com/city/watsonville--ca/
CA,Trinity,Weaverville,https://nextdoor.com/city/weaverville--ca/
CA,Siskiyou,Weed,https://nextdoor.com/city/weed--ca/
CA,Kern,Weldon,https://nextdoor.com/city/weldon--ca/
CA,Lassen,Wendel,https://nextdoor.com/city/wendel--ca/
CA,Los Angeles,West Covina,https://nextdoor.com/city/west-covina--ca/
CA,,West Hills,https://nextdoor.com/city/west-hills--ca/
CA,Los Angeles,West Hollywood,https://nextdoor.com/city/west-hollywood--ca/
CA,Los Angeles,Westlake Village,https://nextdoor.com/city/westlake-village--ca/
CA,Orange,Westminster,https://nextdoor.com/city/westminster--ca/
CA,Imperial,Westmorland,https://nextdoor.com/city/westmorland--ca/
CA,Calaveras,West Point,https://nextdoor.com/city/west-point--ca/
CA,Mendocino,Westport,https://nextdoor.com/city/westport--ca/
CA,Yolo,West Sacramento,https://nextdoor.com/city/west-sacramento--ca/
CA,Lassen,Westwood,https://nextdoor.com/city/westwood--ca/
CA,Yuba,Wheatland,https://nextdoor.com/city/wheatland--ca/
CA,Humboldt,Whitethorn,https://nextdoor.com/city/whitethorn--ca/
CA,,Whitewater,https://nextdoor.com/city/whitewater--ca/
CA,,Whitmore,https://nextdoor.com/city/whitmore--ca/
CA,Los Angeles,Whittier,https://nextdoor.com/city/whittier--ca/
CA,Riverside,Wildomar,https://nextdoor.com/city/wildomar--ca/
CA,Colusa,Williams,https://nextdoor.com/city/williams--ca/
CA,Mendocino,Willits,https://nextdoor.com/city/willits--ca/
CA,Humboldt,Willow Creek,https://nextdoor.com/city/willow-creek--ca/
CA,Glenn,Willows,https://nextdoor.com/city/willows--ca/
CA,,Wilmington,https://nextdoor.com/city/wilmington--ca/
CA,Calaveras,Wilseyville,https://nextdoor.com/city/wilseyville--ca/
CA,Sacramento,Wilton,https://nextdoor.com/city/wilton--ca/
CA,Riverside,Winchester,https://nextdoor.com/city/winchester--ca/
CA,Sonoma,Windsor,https://nextdoor.com/city/windsor--ca/
CA,,Winnetka,https://nextdoor.com/city/winnetka--ca/
CA,Imperial,Winterhaven,https://nextdoor.com/city/winterhaven--ca/
CA,Yolo,Winters,https://nextdoor.com/city/winters--ca/
CA,Merced,Winton,https://nextdoor.com/city/winton--ca/
CA,,Wishon,https://nextdoor.com/city/wishon--ca/
CA,,Witter Springs,https://nextdoor.com/city/witter-springs--ca/
CA,Kern,Wofford Heights,https://nextdoor.com/city/wofford-heights--ca/
CA,Marin,Woodacre,https://nextdoor.com/city/woodacre--ca/
CA,San Joaquin,Woodbridge,https://nextdoor.com/city/woodbridge--ca/
CA,Tulare,Woodlake,https://nextdoor.com/city/woodlake--ca/
CA,Yolo,Woodland,https://nextdoor.com/city/woodland--ca/
CA,,Woodland Hills,https://nextdoor.com/city/woodland-hills--ca/
CA,San Mateo,Woodside,https://nextdoor.com/city/woodside--ca/
CA,Tulare,Woodville,https://nextdoor.com/city/woodville--ca/
CA,,Woody,https://nextdoor.com/city/woody--ca/
CA,San Bernardino,Wrightwood,https://nextdoor.com/city/wrightwood--ca/
CA,Orange,Yorba Linda,https://nextdoor.com/city/yorba-linda--ca/
CA,,Yorkville,https://nextdoor.com/city/yorkville--ca/
CA,,Yosemite National Park,https://nextdoor.com/city/yosemite-national-park--ca/
CA,Napa,Yountville,https://nextdoor.com/city/yountville--ca/
CA,Siskiyou,Yreka,https://nextdoor.com/city/yreka--ca/
CA,Sutter,Yuba City,https://nextdoor.com/city/yuba-city--ca/
CA,San Bernardino,Yucaipa,https://nextdoor.com/city/yucaipa--ca/
CA,San Bernardino,Yucca Valley,https://nextdoor.com/city/yucca-valley--ca/
CA,,Zamora,https://nextdoor.com/city/zamora--ca/
CA,,Zenia,https://nextdoor.com/city/zenia--ca/
